"id","Time","VE","Fb","VT","PO2","PCO2","ScO2"
"IHLTF02",0,19.36696053,18.09954834,0.961960971,94.95630646,39.72844696,97.3820700519895
"IHLTF02",3.31500000000051,21.01457596,22.47191048,0.840706348,95.16387939,40.08799744,97.3985381949173
"IHLTF02",5.98500000000058,22.4797802,21.81818199,0.926269114,97.23958588,39.60154343,97.5559786536744
"IHLTF02",8.73500000000058,24.39434242,22.8571434,0.959468901,97.44715881,39.47464371,97.5710274664961
"IHLTF02",11.3600000000006,23.92263794,23.39181328,0.919409275,97.23958588,39.6649971,97.5559786536744
"IHLTF02",13.9250000000002,20.22171593,18.29268265,0.993812144,99.10771179,38.84014511,97.6871428896946
"IHLTF02",17.2049999999999,22.89548302,17.29106712,1.190396667,96.61687469,39.47464371,97.5100918723744
"IHLTF02",20.6750000000002,21.86558342,18.83830452,1.043477178,87.89891052,39.93994904,96.7305240157497
"IHLTF02",23.8600000000006,23.53014755,17.8571434,1.184612751,84.16262817,40.23604965,96.2985083828268
"IHLTF02",27.2200000000003,23.38872528,18.98734093,1.107404113,78.76579285,40.55329895,95.5333435540304
"IHLTF02",30.3800000000001,29.29959869,20.06688881,1.312639117,75.23709869,40.68019867,94.9193861505911
"IHLTF02",33.3699999999999,23.41520882,19.63993454,1.071819663,72.5386734,40.68019867,94.3745819143846
"IHLTF02",36.4250000000002,27.05947495,19.51219559,1.246742964,69.42511749,42.13955688,93.6487637300705
"IHLTF02",39.5,25.77980423,17.56954575,1.3191154,65.27370453,42.90095901,92.4831325678416
"IHLTF02",42.915,29.75564766,18.32061005,1.460135579,62.16014481,43.36626053,91.4255432319774
"IHLTF02",46.1900000000005,32.23898315,17.62114525,1.644791722,60.08443451,42.9221077,90.6146912663789
"IHLTF02",49.5950000000003,35.8623085,14.54545498,2.216535091,57.80115891,43.0490036,89.6084213938667
"IHLTF02",53.7200000000003,35.16542435,16.23815918,1.946896076,61.53743744,42.81635666,91.1918828843957
"IHLTF02",57.415,36.38347244,16.57458496,1.973445773,75.02951813,42.49910355,94.8799607031474
"IHLTF02",61.0350000000008,34.03574371,15.64537144,1.955748796,82.08692932,41.82229996,96.0260611402767
"IHLTF02",64.8699999999999,30.50951576,16.26016235,1.686841011,90.18217468,42.11840439,96.9624714816887
"IHLTF02",68.5600000000004,30.73071289,17.46724892,1.581655264,97.65472412,42.13955688,97.58595428512
"IHLTF02",71.9949999999999,31.17137527,14.74201488,1.900915504,99.93800354,42.56255722,97.7424719243669
"IHLTF02",76.0650000000005,31.69366455,14.63414669,1.947012663,95.99415588,42.94326019,97.4630669024009
"IHLTF02",80.165,34.56139374,17.04545403,1.822831035,83.53991699,43.0490036,96.2193989148086
"IHLTF02",83.6850000000004,26.82492638,14.01869202,1.720262647,74.40680695,43.55661011,94.7592954728713
"IHLTF02",87.9650000000001,38.92264557,20.83333397,1.679605603,67.34941101,43.97961044,93.097253749361
"IHLTF02",90.8450000000003,40.61175919,20.97902107,1.740324855,63.61314392,43.89500809,91.9410653677021
"IHLTF02",93.7049999999999,41.05763626,19.20000076,1.922455907,61.74499893,43.32395935,91.2706486915279
"IHLTF02",96.8299999999999,42.61655426,13.28903675,2.883025885,57.38602448,42.56255722,89.4112387822225
"IHLTF02",101.345,46.42829132,18.69158936,2.233058929,54.687603,42.47795105,88.0097895363792
"IHLTF02",104.555,49.08647919,19.38610649,2.276328802,51.7816124,43.45085907,86.2361937332741
"IHLTF02",107.650000000001,54.45595932,19.90049744,2.46005702,50.3286171,43.30280685,85.2300844829766
"IHLTF02",110.665,59.07119751,21.05263138,2.522511244,48.46048355,43.97961044,83.8033776524676
"IHLTF02",113.515,59.52293777,19.8675499,2.693418026,54.27246094,43.76810837,87.77432045939
"IHLTF02",116.535000000001,62.26682281,21.62162209,2.589000702,75.02951813,41.94920349,94.8799607031474
"IHLTF02",119.31,58.91531372,20.58319092,2.573233604,93.08816528,40.57444763,97.2275210623536
"IHLTF02",122.225,52.87763214,19.448946,2.444216251,100.975853,40.32064819,97.8092115023473
"IHLTF02",125.31,45.95979309,20.58319092,2.007377625,108.8635483,40.46870041,98.2404706241382
"IHLTF02",128.225,28.07615089,12.51303482,2.017152071,112.1846771,40.74364853,98.3885595284954
"IHLTF02",133.02,40.44774246,24.48979568,1.48481667,113.4300995,42.22415543,98.4398441156158
"IHLTF02",135.47,43.73151779,22.98850632,1.710202336,113.8452301,41.94920349,98.456459089674
"IHLTF02",138.08,45.47608566,20.16806793,2.02713418,100.1455765,42.68945313,97.7560317269837
"IHLTF02",141.055,45.10482788,20.27026939,2.00044775,83.33235168,42.20300293,96.1925409619408
"IHLTF02",144.015,42.82648468,23.34630394,1.649141788,73.57653046,42.414505,94.5926392072283
"IHLTF02",146.585,38.87732697,22.34636879,1.564059138,65.89642334,43.11245728,92.6744295057262
"IHLTF02",149.27,42.36658096,22.01834869,1.729825854,61.12229156,42.87980652,91.0316384153742
"IHLTF02",151.995,40.97726059,23.76237679,1.550303578,58.21630096,43.57775879,89.8010554356518
"IHLTF02",154.52,45.99364471,22.47191048,1.840015888,55.93302536,43.72580719,88.6834395644863
"IHLTF02",157.190000000001,49.44390488,21.27659607,2.089172602,54.48003387,43.32395935,87.892759781903
"IHLTF02",160.01,50.18221283,19.9335556,2.263230324,52.19675064,43.0490036,86.5082714900598
"IHLTF02",163.02,48.6745224,18.20940781,2.403087616,50.53618622,42.71060181,85.3791215418954
"IHLTF02",166.315000000001,50.95161819,18.37672234,2.492605925,49.08319092,43.11245728,84.2965372918208
"IHLTF02",169.58,52.55947876,19.41747665,2.433447361,48.46048355,43.32395935,83.8033776524676
"IHLTF02",172.67,59.30570984,20.47781563,2.603613853,54.89517212,43.17591095,88.1254304582166
"IHLTF02",175.6,57.27038193,19.70443344,2.612942457,73.78410339,41.69540405,94.6349373333381
"IHLTF02",178.645,47.09589767,18.12688828,2.335734844,81.46421814,41.08205032,95.9392646189259
"IHLTF02",181.955,45.85514832,23.2108326,1.776074171,95.16387939,40.82824707,97.3985381949173
"IHLTF02",184.54,24.87512207,12.80683041,1.746173024,102.8439941,41.25124741,97.9229464913648
"IHLTF02",189.225,23.12848282,16.59751129,1.252759933,105.3348312,42.13955688,98.0628098625622
"IHLTF02",192.84,29.17631721,19.38610649,1.353018045,105.5424042,42.64715576,98.0738984466671
"IHLTF02",195.935,28.27850151,17.49271202,1.453325629,105.7499847,42.98555756,98.0849039717113
"IHLTF02",199.365000000001,25.79381943,17.93721962,1.29277885,99.31528473,42.6048584,97.7011407621435
"IHLTF02",202.71,21.04915237,15.89404011,1.190594912,91.42760468,42.83750534,97.0799572064366
"IHLTF02",206.485000000001,22.84043503,18.20940781,1.127644658,84.57777405,43.78926086,96.3500535910762
"IHLTF02",209.780000000001,33.24973679,20.2360878,1.477152586,77.72794342,43.91616058,95.3632416124774
"IHLTF02",212.745,33.04429245,20.10050201,1.477927923,73.16138458,43.00670624,94.5067452956757
"IHLTF02",215.73,31.00505257,19.38610649,1.437823534,69.00997925,42.11840439,93.5431007197623
"IHLTF02",218.825000000001,32.288517,18.43317986,1.574749827,64.65099335,41.39929962,92.285443834643
"IHLTF02",222.08,39.72748184,20,1.78576684,60.29201126,41.6108017,90.6999997662122
"IHLTF02",225.08,47.12482834,20.40816307,2.075915098,56.55573654,41.56850052,89.0027148179439
"IHLTF02",228.02,NA,NA,NA,54.89517212,41.06090164,88.1254304582166
"IHLTF02",229.48,54.0903511,20.54794502,2.366546869,54.06489182,41.73770523,87.6544571091674
"IHLTF02",232.400000000001,56.80488205,15.91511917,3.208776474,52.40432739,41.33584976,86.6418625444695
"IHLTF02",236.17,50.57841492,20.79722786,2.186369181,59.87686539,41.65310287,90.5284019698077
"IHLTF02",239.055,56.43350601,20.20202065,2.511342525,73.57653046,41.58965302,94.5926392072283
"IHLTF02",242.025000000001,53.84725571,19.7368412,2.452729464,93.08816528,39.74959564,97.2275210623536
"IHLTF02",245.065000000001,56.05875778,20.13422775,2.503065348,100.3531494,39.834198,97.7694846513911
"IHLTF02",248.045,43.39765549,22.51407051,1.732909799,108.4483948,39.45349503,98.2207146088354
"IHLTF02",250.71,30.95752144,24.59016418,1.131796837,109.4862518,41.42045212,98.2695646226824
"IHLTF02",253.150000000001,33.06642914,24.0480957,1.236147523,111.9771042,42.22415543,98.3797966199932
"IHLTF02",255.645,35.46366882,22.18114662,1.437352777,102.6364288,43.57775879,97.9106991392917
"IHLTF02",258.35,37.83610916,22.30483246,1.525004745,93.71088409,44.57181168,97.280335662794
"IHLTF02",261.04,42.2298317,18.75,2.024798393,84.78534698,44.19111252,96.3754755604374
"IHLTF02",264.240000000001,36.62216187,16.92524719,1.945237756,76.06737518,43.38740921,95.0732135072997
"IHLTF02",267.785000000001,35.82992554,19.1387558,1.683045864,70.0478363,42.9221077,93.8031441580725
"IHLTF02",270.92,35.64479828,20.06688881,1.596907735,64.02827454,43.47201157,92.0811065854346
"IHLTF02",273.910000000001,39.98459625,21.46690559,1.674507022,60.70714951,43.23935699,90.8677100563459
"IHLTF02",276.705,50.85670853,20.94240761,2.183158875,57.59358978,43.32395935,89.5104057579694
"IHLTF02",279.570000000001,53.46541595,21.50537682,2.235062122,56.55573654,42.62600327,89.0027148179439
"IHLTF02",282.360000000001,53.73387527,21.89780998,2.206028938,54.48003387,42.414505,87.892759781903
"IHLTF02",285.1,56.5551796,23.34630394,2.17779994,51.98918533,42.11840439,86.3730598724172
"IHLTF02",287.67,60.43402481,24.64065742,2.20492053,50.53618622,43.09130478,85.3791215418954
"IHLTF02",290.105,56.89593887,23.34630394,2.190921545,50.12104797,43.49315643,85.0792156526668
"IHLTF02",292.675,54.75198746,22.81368828,2.157585859,48.87562561,44.25456238,84.1341676756005
"IHLTF02",295.305,49.90197372,19.96672249,2.246852875,63.19800186,43.76810837,91.7978693817684
"IHLTF02",298.31,45.36113739,19.96672249,2.04240036,80.84149933,42.32990646,95.8499862756945
"IHLTF02",301.315000000001,38.87084579,20.90592384,1.671545982,91.42760468,41.78000259,97.0799572064366
"IHLTF02",304.185,39.82284546,20.90592384,1.712484479,97.03201294,41.92805481,97.5408071769323
"IHLTF02",307.055,42.41788864,27.21088409,1.401425719,101.8061371,41.71655273,97.8607466073395
"IHLTF02",309.26,NA,20.33898354,0.750709117,108.0332565,39.19969559,98.2006658343374
"IHLTF02",312.21,32.874897,18.98734093,1.556553125,102.8439941,42.54140472,97.9229464913648
"IHLTF02",315.37,33.85721588,18.09954834,1.681694984,104.7121201,41.75885391,98.0290359593015
"IHLTF02",318.685,28.80143356,22.18114662,1.167330503,97.23958588,41.82229996,97.5559786536744
"IHLTF02",321.39,34.44064713,18.48998451,1.674551368,90.38974762,41.84345245,96.9824767098503
"IHLTF02",324.635,37.2408905,18.54714012,1.805123091,82.08692932,41.20895004,96.0260611402767
"IHLTF02",327.87,35.49748993,18.54714012,1.72061789,72.95381927,41.35700226,94.4631405274385
"IHLTF02",331.105,34.76033783,19.63993454,1.591137409,66.93426514,41.69540405,92.9796930018929
"IHLTF02",334.160000000001,37.0564003,18.66251945,1.785075784,61.74499893,42.18185425,91.2706486915279
"IHLTF02",337.375,37.04010391,18.80877686,1.770416141,58.83901596,42.56255722,90.0817315757075
"IHLTF02",340.565000000001,38.97139359,18.66251945,1.877324581,55.31031036,42.71060181,88.3526188622879
"IHLTF02",343.780000000001,38.21002197,19.448946,1.76622057,52.40432739,43.30280685,86.6418625444695
"IHLTF02",346.865000000001,44.53303528,18.04511261,2.218637705,51.15890503,43.23935699,85.8154858225719
"IHLTF02",350.190000000001,49.15683746,19.67213058,2.246447325,49.49833679,42.85865402,84.6153745095143
"IHLTF02",353.240000000001,47.44198608,18.7207489,2.278260469,48.04534149,43.00670624,83.4643580079357
"IHLTF02",356.445000000001,54.54277039,20.16806793,2.431289196,55.31031036,42.96440887,88.3526188622879
"IHLTF02",359.42,51.17295837,20.94240761,2.196734905,73.78410339,41.73770523,94.6349373333381
"IHLTF02",362.285000000001,51.19067001,23.30097008,1.975061178,83.53991699,41.50505447,96.2193989148086
"IHLTF02",364.860000000001,48.74213791,20.54794502,2.132553339,92.67302704,40.65904999,97.1915633890864
"IHLTF02",367.780000000001,45.57825851,20.83333397,1.966811299,99.73043823,40.42639923,97.7288047078615
"IHLTF02",370.660000000001,46.41568756,20.6896553,2.016857624,104.9197006,40.10914612,98.0403800345843
"IHLTF02",373.56,38.35949707,21.69981956,1.589207053,109.0710983,40.55329895,98.2502389701545
"IHLTF02",376.325000000001,38.84834671,29.05569077,1.202001691,98.06987,41.92805481,97.6154494675236
"IHLTF02",378.39,40.30245972,23.2558136,1.557986617,86.65348053,43.32395935,96.5942032596572
"IHLTF02",380.97,50.92266083,30.37974739,1.50692153,77.31279755,43.78926086,95.2928518225641
"IHLTF02",382.945000000001,NA,23.4375,NA,67.1418457,41.23010254,93.0387921322184
"IHLTF02",385.505,44.68837738,26.96629143,1.489831328,69.00997925,44.95251465,93.5431007197623
"IHLTF02",387.73,NA,23.12138748,0.699173093,64.85856628,40.93400192,92.3520666726289
"IHLTF02",390.325000000001,41.01557159,18.48998451,1.994233251,62.99042511,45.05826187,91.7250619402538
"IHLTF02",393.570000000001,30.09573746,14.94396019,1.810518622,60.49958038,42.47795105,90.7843340767851
"IHLTF02",397.585,38.62098694,18.43317986,1.88359189,56.55573654,41.67425537,89.0027148179439
"IHLTF02",400.84,46.57169724,19.35483932,2.163197756,53.44217682,41.4627533,87.2861136359226
"IHLTF02",403.940000000001,55.66894913,15.64537144,3.198827744,50.74375916,42.03380585,85.5263532451623
"IHLTF02",407.775000000001,59.33529663,20.58319092,2.591577053,49.70590973,42.54140472,84.771886507002
"IHLTF02",410.690000000001,53.16838455,21.73913002,2.198745728,49.29076385,42.79520798,84.4569331227364
"IHLTF02",413.450000000001,53.76900101,23.48336601,2.05842638,47.42263031,44.61411285,82.939934294786
"IHLTF02",416.005,65.95376587,22.47191048,2.638537884,67.76455688,43.87385941,93.2123135629524
"IHLTF02",418.675,65.88295746,21.97802162,2.694934368,79.18093872,42.64715576,95.5991181959553
"IHLTF02",421.405000000001,58.39100266,22.30483246,2.353480816,89.35189819,41.97035217,96.8806947658809
"IHLTF02",424.095,48.67932892,19.23077011,2.275682211,100.5607147,40.9551506,97.782831248152
"IHLTF02",427.215,51.35586929,21.50537682,2.146874905,109.4862518,40.93400192,98.2695646226824
"IHLTF02",430.005,53.08702087,20.72538948,2.3027637,115.505806,40.89170074,98.5206325463689
"IHLTF02",432.900000000001,23.98007393,13.05767155,1.651005387,119.2420731,40.08799744,98.6526560062376
"IHLTF02",437.495,41.80799484,24,1.566072345,100.1455765,42.13955688,97.7560317269837
"IHLTF02",439.995,42.47996902,19.51219559,1.957229495,96.20172119,42.5837059,97.4788698397474
"IHLTF02",443.070000000001,37.89185333,20.13422775,1.691899538,86.03076935,43.66235733,96.5232562880144
"IHLTF02",446.05,40.67740631,20.2360878,1.80713439,79.38850403,43.40855789,95.631533410698
"IHLTF02",449.015,31.45082664,20.6896553,1.366603494,71.50082397,43.0490036,94.1450765328386
"IHLTF02",451.915,36.90837097,22.77039909,1.457195878,65.6888504,43.70465469,92.6113592174348
"IHLTF02",454.55,42.11901474,22.26345062,1.700785041,61.95257568,43.49315643,91.348534512958
"IHLTF02",457.245,50.64782333,24.64065742,1.84787333,59.0465889,43.15475845,90.1731417051096
"IHLTF02",459.68,55.08052063,22.18114662,2.232429504,56.76330948,42.32990646,89.1066544440166
"IHLTF02",462.385,56.39633179,22.42990685,2.260409355,54.06489182,41.4627533,87.6544571091674
"IHLTF02",465.06,57.47764587,22.05882263,2.342504025,52.40432739,41.92805481,86.6418625444695
"IHLTF02",467.780000000001,58.45389557,22.18114662,2.369153261,50.53618622,42.64715576,85.3791215418954
"IHLTF02",470.485000000001,65.78490448,22.59886932,2.616997004,48.66805267,43.53545761,83.9697867465245
"IHLTF02",473.14,60.46101379,19.01743317,2.858164549,48.04534149,44.57181168,83.4643580079357
"IHLTF02",476.295,65.81032562,20.03338814,2.953271151,46.79991531,44.36031342,82.3957784902948
"IHLTF02",479.29,72.00341797,18.86792374,3.43077898,75.23709869,42.43565369,94.9193861505911
"IHLTF02",482.47,62.96534348,19.90049744,2.844470024,96.20172119,40.02454376,97.4788698397474
"IHLTF02",485.485000000001,60.4428215,20.54794502,2.644478559,102.2212753,39.74959564,97.8859165194917
"IHLTF02",488.405000000001,61.49703217,21.97802162,2.515528679,111.5619659,39.91879654,98.3620815795496
"IHLTF02",491.135,22.68334389,15.60468102,1.306820393,116.7512283,40.08799744,98.5664672914287
"IHLTF02",494.98,40.70119095,18.66251945,1.960652113,114.4679413,42.01265335,98.4809468636363
"IHLTF02",498.195000000001,31.06298065,19.90049744,1.403275371,95.3714447,43.45085907,97.4148701122971
"IHLTF02",501.21,39.26786804,18.98734093,1.859246135,87.89891052,44.31800842,96.7305240157497
"IHLTF02",504.37,38.8339386,18.75,1.861975074,79.18093872,43.87385941,95.5991181959553
"IHLTF02",507.570000000001,43.98719406,18.20940781,2.171671629,70.67053986,43.66235733,93.9527420652939
"IHLTF02",510.865000000001,44.99010849,21.89780998,1.84705615,63.61314392,42.43565369,91.9410653677021
"IHLTF02",513.605,46.16169357,23.2108326,1.787947416,59.46172333,42.64715576,90.352817580864
"IHLTF02",516.190000000001,51.22013092,18.7207489,2.459694624,56.97088242,42.20300293,89.2093779602307
"IHLTF02",519.395,50.75522614,20.54794502,2.220629454,52.81946564,42.87980652,86.9042359992794
"IHLTF02",522.315000000001,51.45043945,20,2.31271863,51.57404327,43.15475845,86.0976587076669
"IHLTF02",525.315000000001,54.27434158,22.05882263,2.211953163,49.49833679,43.70465469,84.6153745095143
"IHLTF02",528.035000000001,52.86828995,22.72727203,2.091277599,48.04534149,43.51430511,83.4643580079357
"IHLTF02",530.675,57.98792267,18.54714012,2.810763597,46.17720413,43.97961044,81.8311430291478
"IHLTF02",533.910000000001,60.45840454,20.40816307,2.663277864,45.34692383,43.78926086,81.0450942298234
"IHLTF02",536.85,64.43785858,19.8675499,2.915818691,54.48003387,43.13360977,87.892759781903
"IHLTF02",539.87,64.09874725,20.72538948,2.780421019,76.69008636,41.44160461,95.1846524849533
"IHLTF02",542.765,55.13576126,19.32367134,2.565118551,89.97460938,40.23604965,96.942293126709
"IHLTF02",545.87,54.83537674,19.20000076,2.567575932,99.93800354,39.85534668,97.7424719243669
"IHLTF02",548.995,55.07149887,18.46153831,2.681777239,109.4862518,40.36294937,98.2695646226824
"IHLTF02",552.245,49.71764374,19.96672249,2.238553524,113.6376572,40.02454376,98.448180655574
"IHLTF02",555.25,39.14437485,21.31438637,1.651050091,110.108963,40.87055206,98.2980278617585
"IHLTF02",558.065000000001,33.68255615,21.08963013,1.435819387,95.78659058,42.28760147,97.4471337170419
"IHLTF02",560.910000000001,23.63955307,18.51851845,1.147616386,82.91720581,44.46606064,96.138073316837
"IHLTF02",564.150000000001,32.88895798,20.94240761,1.411845684,73.99167633,45.39666748,94.6768098532765
"IHLTF02",567.015,35.06326675,18.86792374,1.67067492,67.97212219,45.10056305,93.268923177296
"IHLTF02",570.195000000001,41.68206787,20.5128212,1.826785684,66.10398865,44.91021347,92.7368139509761
"IHLTF02",573.12,45.27437592,21.58273315,1.885861397,62.16014481,43.51430511,91.4255432319774
"IHLTF02",575.900000000001,44.60973358,20.33898354,1.971805692,58.83901596,42.16070557,90.0817315757075
"IHLTF02",578.85,54.68918991,22.59886932,2.175597191,56.55573654,41.42045212,89.0027148179439
"IHLTF02",581.505,49.25547409,21.23893738,2.084901094,52.81946564,41.20895004,86.9042359992794
"IHLTF02",584.33,50.57496262,21.58273315,2.10665226,51.36647034,41.58965302,85.9574276093448
"IHLTF02",587.110000000001,57.9227829,21.73913002,2.395360947,48.66805267,42.9221077,83.9697867465245
"IHLTF02",589.87,58.36259842,21.73913002,2.413549185,47.42263031,43.0490036,82.939934294786
"IHLTF02",592.63,54.17327499,21.81818199,2.232185364,46.79991531,43.91616058,82.3957784902948
"IHLTF02",595.38,62.80743027,22.68431091,2.489138842,47.00748825,44.10651016,82.5794031259574
"IHLTF02",598.025000000001,65.97245789,23.90438271,2.48112607,66.51912689,42.43565369,92.8595691801795
"IHLTF02",600.535000000001,61.83390808,21.62162209,2.571000338,79.38850403,41.86460495,95.631533410698
"IHLTF02",603.31,54.80125809,22.55639076,2.184160948,91.63517761,40.53214645,97.0989567868673
"IHLTF02",605.97,53.51580429,23.62204742,2.036705494,99.31528473,40.21490097,97.7011407621435
"IHLTF02",608.51,50.23405838,25.69593239,1.757509112,105.9575424,39.87649918,98.0958256128532
"IHLTF02",610.845,43.63245392,23.48336601,1.670371294,109.9013901,40.25719833,98.2886090778537
"IHLTF02",613.400000000001,44.52976227,23.85685921,1.678034306,112.5998154,39.98225021,98.4058982601745
"IHLTF02",615.915,41.38489914,24,1.550223589,115.505806,40.08799744,98.5206325463689
"IHLTF02",618.415,39.58770752,24.79338837,1.435450435,107.4105453,41.23010254,98.1700303822471
"IHLTF02",620.835,34.973423,21.46690559,1.464645147,94.74873352,42.11840439,97.3654648969937
"IHLTF02",623.63,30.26778984,20.90592384,1.301592588,83.95506287,42.85865402,96.2723808823345
"IHLTF02",626.5,32.42815399,22.55639076,1.2924577,74.82195282,44.29685974,94.8401422462237
"IHLTF02",629.160000000001,38.00142288,20.6896553,1.651240587,70.25539398,44.57181168,93.8535298485843
"IHLTF02",632.06,39.27566528,19.67213058,1.794881821,66.10398865,44.44491196,92.7368139509761
"IHLTF02",635.110000000001,41.49589157,23.80952454,1.56681633,62.16014481,43.74695969,91.4255432319774
"IHLTF02",637.63,46.99058151,21.39037514,1.974950075,58.83901596,42.6048584,90.0817315757075
"IHLTF02",640.435,45.50944901,22.38805962,1.827463984,56.55573654,42.5837059,89.0027148179439
"IHLTF02",643.115000000001,46.11952591,22.38805962,1.85196209,53.2346077,42.35105515,87.1603525479776
"IHLTF02",645.795,55.43036652,22.72727203,2.192623854,51.36647034,42.414505,85.9574276093448
"IHLTF02",648.435,58.03411865,22.55639076,2.313009977,49.91347885,43.17591095,84.9264910810127
"IHLTF02",651.095,59.6540947,22.51407051,2.382045031,48.25291061,43.19705582,83.6349081375418
"IHLTF02",653.76,60.34100723,22.81368828,2.37782979,47.63019943,43.38740921,83.1168965354164
"IHLTF02",656.39,59.9151001,22.81368828,2.361046314,48.87562561,43.85270691,84.1341676756005
"IHLTF02",659.02,58.23033142,20.5128212,2.552040577,66.93426514,42.81635666,92.9796930018929
"IHLTF02",661.945000000001,62.606884,23.76237679,2.368623018,87.27619934,41.2723999,96.6632729968973
"IHLTF02",664.47,47.80487823,19.48052025,2.206151724,95.16387939,40.63790131,97.3985381949173
"IHLTF02",667.55,35.32958221,16.08579063,1.974511981,100.975853,40.59560013,97.8092115023473
"IHLTF02",671.280000000001,41.1403923,21.05263138,1.756813765,107.2029724,40.78594971,98.1596657795732
"IHLTF02",674.13,41.09464645,17.4418602,2.118147135,107.8256836,41.31470108,98.1905295278923
"IHLTF02",677.570000000001,36.84529877,20.16806793,1.642409682,113.014946,40.87055206,98.4229912818647
"IHLTF02",680.545,39.47005081,21.12676048,1.679571509,97.65472412,42.37220764,97.58595428512
"IHLTF02",683.385,34.7898674,19.57585716,1.597701669,86.03076935,43.19705582,96.5232562880144
"IHLTF02",686.450000000001,32.16430283,19.67213058,1.469895601,76.69008636,43.68350983,95.1846524849533
"IHLTF02",689.5,33.19866562,20.20202065,1.477370858,68.80240631,44.14881134,93.4894240126364
"IHLTF02",692.47,32.034832,16.66666603,1.727974892,63.40557098,44.3814621,91.8698657133571
"IHLTF02",696.070000000001,39.45758057,19.7368412,1.797283173,58.63144684,43.72580719,89.9892580665639
"IHLTF02",699.110000000001,46.8922081,20.47781563,2.058641672,55.51787949,43.02785873,88.4642022781711
"IHLTF02",702.04,54.25393677,22.01834869,2.215186119,53.44217682,42.01265335,87.2861136359226
"IHLTF02",704.765,53.88348007,20.06688881,2.41401124,51.57404327,41.75885391,86.0976587076669
"IHLTF02",707.755,57.73112106,21.93784332,2.365809441,49.49833679,41.31470108,84.6153745095143
"IHLTF02",710.490000000001,61.01643372,22.01834869,2.491298676,47.42263031,42.20300293,82.939934294786
"IHLTF02",713.215,56.62485886,19.96672249,2.549553156,47.42263031,43.17591095,82.939934294786
"IHLTF02",716.22,63.68893433,22.42990685,2.552702665,47.21505737,43.95846176,82.7607768559742
"IHLTF02",718.895,58.25884247,16.28222466,3.216709375,72.74624634,42.87980652,94.4190873646384
"IHLTF02",722.58,48.9304657,21.31438637,2.063812494,88.52161407,41.2723999,96.796014358204
"IHLTF02",725.395,50.85572052,24.53987694,1.863078356,95.99415588,41.39929962,97.4630669024009
"IHLTF02",727.84,46.99277496,26.72605705,1.580738068,102.01371,41.01860428,97.8733807838556
"IHLTF02",730.085,43.17087173,23.90438271,1.623592377,105.1272659,41.16665268,98.0516374583054
"IHLTF02",732.595,47.00973511,25.36997795,1.665832877,109.0710983,41.08205032,98.2502389701545
"IHLTF02",734.96,42.38867188,23.80952454,1.600526214,111.9771042,40.61674881,98.3797966199932
"IHLTF02",737.48,39.27612305,22.18114662,1.591872811,103.6742706,41.44160461,97.9710025773466
"IHLTF02",740.185,32.38869095,22.18114662,1.312723041,89.76703644,42.32990646,96.9219383104577
"IHLTF02",742.89,37.93857574,23.2108326,1.469447255,80.21879578,43.15475845,95.7581430809408
"IHLTF02",745.475,32.57291794,22.77039909,1.286026001,73.16138458,43.59891129,94.5067452956757
"IHLTF02",748.110000000001,36.16230392,22.51407051,1.443995237,67.97212219,44.31800842,93.268923177296
"IHLTF02",750.775000000001,34.91603851,20.86956596,1.504095078,63.82070923,44.02191162,92.0114747317334
"IHLTF02",753.650000000001,40.60732651,23.03262901,1.584982991,59.66930008,43.83156204,90.4411173112774
"IHLTF02",756.255,48.49197006,22.94455147,1.900001645,57.38602448,43.34510803,89.4112387822225
"IHLTF02",758.87,49.03860092,21.01576233,2.097764015,55.51787949,42.43565369,88.4642022781711
"IHLTF02",761.725,54.31635284,22.90076256,2.132280588,53.2346077,41.97035217,87.1603525479776
"IHLTF02",764.345,53.92111969,23.2558136,2.084448099,50.53618622,41.67425537,85.3791215418954
"IHLTF02",766.925,55.67966461,23.4375,2.135743141,49.70590973,42.01265335,84.771886507002
"IHLTF02",769.485000000001,59.83588409,23.52941132,2.286200762,48.25291061,43.21820831,83.6349081375418
"IHLTF02",772.035000000001,61.34258652,24.59016418,2.242664814,47.00748825,43.68350983,82.5794031259574
"IHLTF02",774.475,65.03209686,23.80952454,2.455504417,47.63019943,43.97961044,83.1168965354164
"IHLTF02",776.995,71.91407776,26.0303688,2.483689547,46.59235001,44.14881134,82.2098849643846
"IHLTF02",779.3,69.6076889,25.10460281,2.492686033,63.19800186,43.49315643,91.7978693817684
"IHLTF02",781.690000000001,63.35007095,24,2.37300992,81.04907227,41.48390198,95.8800266261753
"IHLTF02",784.190000000001,51.84429169,23.66863823,1.969207048,94.95630646,40.44755173,97.3820700519895
"IHLTF02",786.725,43.50270462,22.81368828,1.714290738,101.3909912,40.44755173,97.8351805116723
"IHLTF02",789.355,47.11864853,21.12676048,2.005042791,106.5802689,40.74364853,98.128104847415
"IHLTF02",792.195000000001,37.52380753,20.83333397,1.619242311,110.7316742,41.18780136,98.3258767847698
"IHLTF02",795.075000000001,24.93663025,NA,1.724336147,110.9392471,41.52620316,98.3350261829777
"IHLTF02",799.690000000001,NA,NA,NA,102.01371,42.83750534,97.8733807838556
"IHLTF02",801.400000000001,36.46816635,19.90049744,1.647455692,98.69257355,44.36031342,97.6588098954396
"IHLTF02",804.415,32.59576797,19.29260445,1.518917084,90.38974762,43.93731308,96.9824767098503
"IHLTF02",807.525000000001,35.85789871,20.44293022,1.576904535,84.16262817,43.42970657,96.2985083828268
"IHLTF02",810.46,39.31396866,23.52941132,1.502102375,77.10523224,42.6048584,95.2571391650467
"IHLTF02",813.01,36.47821045,20.94240761,1.56592381,72.12352753,41.48390198,94.2841918444924
"IHLTF02",815.875,34.90381622,19.32367134,1.623854041,66.51912689,41.23010254,92.8595691801795
"IHLTF02",818.98,39.44220352,23.03262901,1.539505959,61.95257568,41.42045212,91.348534512958
"IHLTF02",821.585,40.52502441,21.352314,1.706247687,58.63144684,42.11840439,89.9892580665639
"IHLTF02",824.395,40.55182266,22.30483246,1.634463072,56.1405983,41.99150467,88.7911259159499
"IHLTF02",827.085,43.15102005,23.52941132,1.648707867,53.02703857,42.32990646,87.0330675562838
"IHLTF02",829.635,48.76052856,24,1.826505065,51.98918533,42.52025604,86.3730598724172
"IHLTF02",832.135,49.84366226,22.59886932,1.982836723,51.15890503,42.7317543,85.8154858225719
"IHLTF02",834.79,46.93622589,20.83333397,2.025410652,50.3286171,42.49910355,85.2300844829766
"IHLTF02",837.67,47.84587097,22.55639076,1.906946659,49.91347885,43.13360977,84.9264910810127
"IHLTF02",840.33,58.22037506,26.43171883,1.980219364,64.2358551,42.7529068,92.1499759667288
"IHLTF02",842.6,59.71826553,25.86206818,2.0759058,76.06737518,41.84345245,95.0732135072997
"IHLTF02",844.92,58.48352051,25.21008492,2.085561037,82.5020752,41.4627533,96.082589134893
"IHLTF02",847.3,55.76450729,26.90583038,1.863267303,91.63517761,40.23604965,97.0989567868673
"IHLTF02",849.530000000001,48.55845261,25.15723228,1.73526454,100.5607147,40.13029861,97.782831248152
"IHLTF02",851.915,44.8853035,22.01834869,1.832665086,103.0515518,40.08799744,97.9350990936602
"IHLTF02",854.64,40.78664017,18.51851845,1.98004663,107.6181183,40.27834702,98.1803181923776
"IHLTF02",857.88,37.74927902,23.03262901,1.473427773,110.3165359,40.80709839,98.3073783910102
"IHLTF02",860.485000000001,33.52397156,25.75107384,1.170371771,100.3531494,41.97035217,97.7694846513911
"IHLTF02",862.815000000001,32.56866455,22.47191048,1.302937746,91.01246643,42.68945313,97.041467309709
"IHLTF02",865.485000000001,32.33407974,21.77858353,1.334733605,83.12477875,43.59891129,96.1654330381485
"IHLTF02",868.240000000001,35.56244659,22.59886932,1.414713979,75.02951813,44.3814621,94.8799607031474
"IHLTF02",870.895,25.27433968,15.46391773,1.469345808,70.25539398,44.33916092,93.8535298485843
"IHLTF02",874.775000000001,36.07720947,20.20202065,1.605468631,64.2358551,44.65641022,92.1499759667288
"IHLTF02",877.745,42.08146667,20.86956596,1.812763572,59.0465889,43.23935699,90.1731417051096
"IHLTF02",880.62,44.39198303,22.30483246,1.789242983,57.80115891,43.13360977,89.6084213938667
"IHLTF02",883.31,48.23895645,22.90076256,1.89370203,55.93302536,42.414505,88.6834395644863
"IHLTF02",885.93,53.19771576,24.14486885,1.980759859,52.81946564,42.30875397,86.9042359992794
"IHLTF02",888.415,59.57453918,25.8064518,2.075372696,51.7816124,42.03380585,86.2361937332741
"IHLTF02",890.740000000001,58.28404236,24.24242401,2.161410809,49.91347885,42.54140472,84.9264910810127
"IHLTF02",893.215,63.18787003,23.90438271,2.376401901,49.08319092,42.85865402,84.2965372918208
"IHLTF02",895.725,61.73195648,23.90438271,2.321647167,47.63019943,44.00075912,83.1168965354164
"IHLTF02",898.235000000001,67.69657135,26.0303688,2.338029861,47.21505737,44.10651016,82.7607768559742
"IHLTF02",900.54,68.83135223,25.36997795,2.439101696,59.46172333,43.87385941,90.352817580864
"IHLTF02",902.905000000001,68.63002777,23.76237679,2.596498013,76.8976593,42.22415543,95.2210736750205
"IHLTF02",905.43,63.23090363,23.4375,2.425391197,89.14432526,41.10319901,96.8598014663562
"IHLTF02",907.990000000001,61.97616959,23.48336601,2.37261939,100.975853,40.08799744,97.8092115023473
"IHLTF02",910.545,56.37732315,26.96629143,1.879519939,108.6559753,40.13029861,98.2306291495505
"IHLTF02",912.77,56.07837677,23.90438271,2.109024525,112.5998154,39.74959564,98.4058982601745
"IHLTF02",915.280000000001,53.07871246,22.90076256,2.083694935,115.0906525,40.0033989,98.5049242349452
"IHLTF02",917.900000000001,34.15700531,23.12138748,1.32809639,120.2799225,40.08799744,98.6865464932496
"IHLTF02",920.495,34.93427658,23.62204742,1.329529285,109.0710983,42.414505,98.2502389701545
"IHLTF02",923.035000000001,35.80787277,21.73913002,1.48081243,95.16387939,43.62005615,97.3985381949173
"IHLTF02",925.795,35.23850632,20.44293022,1.549665809,83.74748993,45.07941055,96.2460116405451
"IHLTF02",928.73,37.52377701,17.19197655,1.96220541,73.99167633,45.07941055,94.6768098532765
"IHLTF02",932.22,35.34503555,19.04761887,1.668212771,66.93426514,43.95846176,92.9796930018929
"IHLTF02",935.37,33.85954285,19.41747665,1.567660451,61.95257568,43.36626053,91.348534512958
"IHLTF02",938.46,39.39505386,19.448946,1.820997477,57.38602448,43.00670624,89.4112387822225
"IHLTF02",941.545,45.37534332,18.54714012,2.199412584,54.06489182,42.62600327,87.6544571091674
"IHLTF02",944.780000000001,48.12460709,22.98850632,1.882002354,53.02703857,42.24530792,87.0330675562838
"IHLTF02",947.39,57.760849,23.16602325,2.241536379,50.12104797,42.20300293,85.0792156526668
"IHLTF02",949.98,67.70808411,25.42372894,2.394225121,49.91347885,41.73770523,84.9264910810127
"IHLTF02",952.34,59.58598328,24.24242401,2.20969224,49.91347885,41.78000259,84.9264910810127
"IHLTF02",954.815000000001,57.7557106,23.48336601,2.211048603,48.66805267,42.37220764,83.9697867465245
"IHLTF02",957.37,63.94906616,25.8064518,2.227766275,46.79991531,43.0701561,82.3957784902948
"IHLTF02",959.695000000001,69.60623169,26.72605705,2.341407061,61.95257568,43.36626053,91.348534512958
"IHLTF02",961.940000000001,79.14394379,19.29260445,NA,77.72794342,42.71060181,95.3632416124774
"IHLTF02",965.05,61.29469681,20.72538948,2.658789158,94.33359528,41.1243515,97.3318385630022
"IHLTF02",967.945000000001,46.85443878,21.39037514,1.969228268,100.975853,40.70135117,97.8092115023473
"IHLTF02",970.75,34.6005249,21.27659607,1.461989522,106.5802689,40.76479721,98.128104847415
"IHLTF02",973.570000000001,42.49076462,24.14486885,1.582098126,110.5241013,40.93400192,98.3166609407695
"IHLTF02",976.055,NA,30.92783546,NA,113.014946,41.10319901,98.4229912818647
"IHLTF02",977.995,31.70669937,18.89763832,1.508367658,108.8635483,42.96440887,98.2404706241382
"IHLTF02",981.17,37.26372147,20.6896553,1.619185805,100.975853,42.90095901,97.8092115023473
"IHLTF02",984.070000000001,36.01027298,21.31438637,1.518858433,98.06987,42.83750534,97.6154494675236
"IHLTF02",986.885,32.69500351,19.16932869,1.533339143,87.48376465,42.83750534,96.6858885282597
"IHLTF02",990.015,29.58378601,19.96672249,1.332019806,79.18093872,42.28760147,95.5991181959553
"IHLTF02",993.02,29.37838364,19.80198097,1.333776236,72.12352753,42.62600327,94.2841918444924
"IHLTF02",996.05,29.25036049,20.47781563,1.284136891,66.51912689,42.79520798,92.8595691801795
"IHLTF02",998.98,26.6405201,18.80877686,1.273344278,62.16014481,43.00670624,91.4255432319774
"IHLTF02",1002.17,38.16801071,20.97902107,1.635603428,59.0465889,43.17591095,90.1731417051096
"IHLTF02",1005.03,40.89610672,22.14022064,1.660595059,56.55573654,42.6048584,89.0027148179439
"IHLTF02",1007.74,41.5213356,21.16402054,1.763749242,56.34816742,41.82229996,88.8975447688225
"IHLTF02",1010.575,49.28638458,13.11475372,3.378551245,53.2346077,41.31470108,87.1603525479776
"IHLTF02",1015.15,44.89283752,21.20141411,1.90360105,50.53618622,41.90690231,85.3791215418954
"IHLTF02",1017.98,48.32348251,24.64065742,1.763070464,62.78285599,42.22415543,91.6514381546117
"IHLTF02",1020.415,50.18435287,20.86956596,2.161815405,75.23709869,41.20895004,94.9193861505911
"IHLTF02",1023.29,39.35858154,20.61855698,1.716109037,88.31404877,40.97629929,96.7743765593579
"IHLTF02",1026.2,38.94887924,23.12138748,1.514414549,93.91845703,41.2935524,97.2976471925382
"IHLTF02",1028.795,35.45311356,19.80198097,1.609568357,100.3531494,41.42045212,97.7694846513911
"IHLTF02",1031.825,29.65935135,15.8730154,1.67983222,101.1834259,42.03380585,97.8222471544541
"IHLTF02",1035.605,29.87418556,18.75,1.432380915,103.8818436,42.18185425,97.9827876473927
"IHLTF02",1038.805,29.66965866,19.41747665,1.37367332,98.2774353,41.80115509,97.6300191060497
"IHLTF02",1041.895,25.63837814,20.79722786,1.108278275,91.42760468,42.71060181,97.0799572064366
"IHLTF02",1044.78,27.13440514,20.33898354,1.199374437,84.37020874,43.00670624,96.3243996780242
"IHLTF02",1047.73,30.00185776,20.83333397,1.294652104,78.14308929,43.34510803,95.4322740023933
"IHLTF02",1050.61,36.26455307,21.39037514,1.524149776,73.99167633,43.59891129,94.6768098532765
"IHLTF02",1053.415,36.55798721,22.8571434,1.437884688,68.17970276,42.7529068,93.3249350307884
"IHLTF02",1056.04,36.5696373,20.86956596,1.575327754,66.10398865,42.64715576,92.7368139509761
"IHLTF02",1058.915,32.48305511,20.37351418,1.433357835,60.29201126,41.94920349,90.6999997662122
"IHLTF02",1061.86,34.7369957,19.96672249,1.564044714,56.97088242,42.52025604,89.2093779602307
"IHLTF02",1064.865,39.66335678,20.72538948,1.720483422,53.85731888,43.00670624,87.5331462786105
"IHLTF02",1067.76,43.05628586,20.97902107,1.845079303,51.7816124,42.66830826,86.2361937332741
"IHLTF02",1070.62,49.28264999,21.46690559,2.063898325,51.36647034,42.35105515,85.9574276093448
"IHLTF02",1073.415,50.80431747,21.4285717,2.131430149,48.87562561,42.54140472,84.1341676756005
"IHLTF02",1076.215,48.87355804,22.05882263,1.991844058,48.87562561,42.7529068,84.1341676756005
"IHLTF02",1078.935,52.0490303,22.38805962,2.090065479,47.21505737,43.34510803,82.7607768559742
"IHLTF02",1081.615,59.92773819,24,2.244813919,63.61314392,42.45680618,91.9410653677021
"IHLTF02",1084.115,57.62973022,22.90076256,2.262352943,77.10523224,41.14550018,95.2571391650467
"IHLTF02",1086.735,48.1659584,22.72727203,1.905270338,87.89891052,39.77074432,96.7305240157497
"IHLTF02",1089.375,37.512146,20.90592384,1.613118529,97.23958588,39.34774399,97.5559786536744
"IHLTF02",1092.245,32.84989166,19.7368412,1.496304631,101.3909912,40.34179688,97.8351805116723
"IHLTF02",1095.285,32.14590073,23.2558136,1.242675543,104.9197006,41.2723999,98.0403800345843
"IHLTF02",1097.865,31.19943428,20.76124573,1.351005197,104.7121201,41.97035217,98.0290359593015
"IHLTF02",1100.755,30.82061005,19.63993454,1.410798192,97.65472412,43.17591095,97.58595428512
"IHLTF02",1103.81,28.39785385,19.80198097,1.289260268,88.31404877,43.70465469,96.7743765593579
"IHLTF02",1106.84,28.82302094,18.92744446,1.369024515,78.14308929,44.02191162,95.4322740023933
"IHLTF02",1110.01,29.72753906,20.30456924,1.316221237,73.36896515,44.14881134,94.5499118597864
"IHLTF02",1112.965,27.61785889,19.10828018,1.299367905,67.97212219,43.85270691,93.268923177296
"IHLTF02",1116.105,34.79996109,20.58319092,1.519951701,63.82070923,43.68350983,92.0114747317334
"IHLTF02",1119.02,36.13453293,20.61855698,1.575534344,60.29201126,43.09130478,90.6999997662122
"IHLTF02",1121.93,38.06702805,22.72727203,1.505793452,59.25415802,42.64715576,90.2634990852199
"IHLTF02",1124.57,40.94371033,21.54398537,1.708538771,55.31031036,42.28760147,88.3526188622879
"IHLTF02",1127.355,40.15232468,21.66065025,1.666490793,53.64974594,42.28760147,87.4103708676203
"IHLTF02",1130.125,52.07838058,23.95209503,1.954689026,51.36647034,42.16070557,85.9574276093448
"IHLTF02",1132.63,NA,NA,NA,49.70590973,42.96440887,84.771886507002
"IHLTF02",1134.155,58.77406693,24.74226761,2.135550976,49.70590973,43.40855789,84.771886507002
"IHLTF02",1136.58,61.07608032,24.84472084,2.210043192,49.29076385,43.30280685,84.4569331227364
"IHLTF02",1138.995,65.58511353,16.7130928,NA,49.08319092,42.62600327,84.2965372918208
"IHLTF02",1142.585,55.25085449,21.97802162,2.260029554,71.70839691,40.97629929,94.1919283310781
"IHLTF02",1145.315,43.51558685,22.77039909,1.718058467,81.87935638,40.53214645,95.9973990558518
"IHLTF02",1147.95,33.51374817,20.79722786,1.448709249,90.80489349,40.27834702,97.0219728303128
"IHLTF02",1150.835,32.91485977,20.94240761,1.412957549,97.23958588,40.82824707,97.5559786536744
"IHLTF02",1153.7,30.97725105,19.20000076,1.450458646,104.2969894,40.97629929,98.0060887673642
"IHLTF02",1156.825,24.74287033,17.21664238,1.2920084,105.1272659,41.33584976,98.0516374583054
"IHLTF02",1160.31,23.56129265,19.8675499,1.066150546,105.1272659,41.1243515,98.0516374583054
"IHLTF02",1163.33,27.72084236,21.62162209,1.152608633,94.33359528,40.91284943,97.3318385630022
"IHLTF02",1166.105,24.34501266,19.01743317,1.150858283,90.18217468,41.2723999,96.9624714816887
"IHLTF02",1169.26,22.13787651,18.75,1.061447263,85.20048523,41.54735184,96.4256301441904
"IHLTF02",1172.46,20.36645126,18.12688828,1.010080099,78.14308929,40.42639923,95.4322740023933
"IHLTF02",1175.77,25.25416756,19.448946,1.167348981,73.36896515,41.06090164,94.5499118597864
"IHLTF02",1178.855,26.41276169,20.97902107,1.131858945,69.63269043,41.82229996,93.7007659633502
"IHLTF02",1181.715,26.04664993,20.44293022,1.145440221,66.72669983,41.99150467,92.9199569399781
"IHLTF02",1184.65,28.54009056,21.93784332,1.169567108,63.19800186,41.92805481,91.7978693817684
"IHLTF02",1187.385,29.10847473,19.83471107,1.31934166,59.87686539,41.56850052,90.5284019698077
"IHLTF02",1190.41,30.13536263,20.33898354,1.332020402,57.17845154,41.69540405,89.3108995517172
"IHLTF02",1193.36,32.57582855,20.79722786,1.408165693,54.27246094,41.69540405,87.77432045939
"IHLTF02",1196.245,35.29747772,20.90592384,1.517881989,52.19675064,41.80115509,86.5082714900598
"IHLTF02",1199.115,39.88702774,20.6896553,1.733173728,50.95133209,42.05495071,85.6718002741609
"IHLTF02",1202.015,37.32105637,20.33898354,1.649636984,61.53743744,41.2723999,91.1918828843957
"IHLTF02",1204.965,40.15931702,21.16402054,1.705893397,69.00997925,40.27834702,93.5431007197623
"IHLTF02",1207.8,30.22251701,20,1.358514667,77.52037048,39.89764786,95.3282183893279
"IHLTF02",1210.8,29.08149529,20.58319092,1.270187259,82.7096405,40.25719833,96.1104599757181
"IHLTF02",1213.715,30.58229256,20.54794502,1.33802855,87.89891052,40.53214645,96.7305240157497
"IHLTF02",1216.635,29.57081223,20.61855698,1.289343715,89.76703644,41.35700226,96.9219383104577
"IHLTF02",1219.545,28.11673737,21.81818199,1.158537507,91.22003937,41.35700226,97.0607950892437
"IHLTF02",1222.295,28.12379837,22.14022064,1.14197278,86.44590759,42.20300293,96.5707656940066
"IHLTF02",1225.005,25.62556839,21.85792351,1.053970218,81.67178345,42.7317543,95.9684675483493
"IHLTF02",1227.75,27.27325249,21.58273315,1.136041522,75.444664,43.45085907,94.9584175111941
"IHLTF02",1230.53,29.30723381,21.89780998,1.203200102,70.0478363,43.70465469,93.8031441580725
"IHLTF02",1233.27,30.9590683,20.79722786,1.338277459,66.31155396,43.76810837,92.7985235760557
"IHLTF02",1236.155,33.55480957,22.26345062,1.354958534,62.57528687,43.47201157,91.5769846273363
"IHLTF02",1238.85,40.04983521,21.05263138,1.710243821,59.25415802,42.98555756,90.2634990852199
"IHLTF02",1241.7,43.78569031,22.34636879,1.761525631,55.31031036,42.32990646,88.3526188622879
"IHLTF02",1244.385,45.95030594,20.37351418,2.02761817,54.48003387,41.94920349,87.892759781903
"IHLTF02",1247.33,47.28466415,20.6896553,2.054616451,51.7816124,42.07610321,86.2361937332741
"IHLTF02",1250.23,51.8443718,20.5128212,2.272165298,49.91347885,42.7529068,84.9264910810127
"IHLTF02",1253.155,64.64427948,24.0480957,2.416646481,48.04534149,43.53545761,83.4643580079357
"IHLTF02",1255.65,60.51461411,23.57563782,2.307600021,48.25291061,43.62005615,83.6349081375418
"IHLTF02",1258.195,60.03803635,22.59886932,2.388380289,47.42263031,43.97961044,82.939934294786
"IHLTF02",1260.85,69.02598572,24.39024353,2.544252396,66.51912689,42.90095901,92.8595691801795
"IHLTF02",1263.31,63.39645386,19.1387558,2.977933407,80.63392639,40.76479721,95.8196607166813
"IHLTF02",1266.445,54.75070953,21.69981956,2.268283606,91.42760468,39.91879654,97.0799572064366
"IHLTF02",1269.21,58.06679535,22.01834869,2.370865107,101.5985641,40.08799744,97.8480134973198
"IHLTF02",1271.935,46.65500259,23.12138748,1.814044952,108.0332565,40.29949951,98.2006658343374
"IHLTF02",1274.53,29.12688446,20,1.309265614,110.7316742,40.9551506,98.3258767847698
"IHLTF02",1277.53,36.07236862,22.05882263,1.47013104,113.014946,42.20300293,98.4229912818647
"IHLTF02",1280.25,34.35865402,23.4375,1.317918539,110.9392471,42.35105515,98.3350261829777
"IHLTF02",1282.81,28.22749901,21.12676048,1.201166511,110.108963,43.15475845,98.2980278617585
"IHLTF02",1285.65,30.89440346,21.16402054,1.312336922,98.06987,43.87385941,97.6154494675236
"IHLTF02",1288.485,33.16705704,20.30456924,1.468509912,88.10647583,44.19111252,96.7525465990998
"IHLTF02",1291.44,27.01530266,18.23708153,1.331736207,79.8036499,44.14881134,95.6954424014628
"IHLTF02",1294.73,20.01806831,NA,1.576185465,73.78410339,44.44491196,94.6349373333381
"IHLTF02",1299.985,32.94723892,17.62114525,1.680925965,66.10398865,43.87385941,92.7368139509761
"IHLTF02",1303.39,45.80495071,19.83471107,2.076109409,62.78285599,43.0701561,91.6514381546117
"IHLTF02",1306.415,45.14431381,19.41747665,2.09013319,59.87686539,41.39929962,90.5284019698077
"IHLTF02",1309.505,44.15584564,22.64151001,1.753260851,56.55573654,40.82824707,89.0027148179439
"IHLTF02",1312.155,44.3342247,21.97802162,1.813486218,52.61189651,41.1243515,86.7738420436053
"IHLTF02",1314.885,47.87746048,22.09944725,1.947661281,50.53618622,42.30875397,85.3791215418954
"IHLTF02",1317.6,53.21266556,19.51219559,2.451729774,48.87562561,43.87385941,84.1341676756005
"IHLTF02",1320.675,57.96453476,21.31438637,2.44485569,51.98918533,43.97961044,86.3730598724172
"IHLTF02",1323.49,67.32276917,23.90438271,2.531909466,69.21754456,41.69540405,93.5962103110246
"IHLTF02",1326,63.68925095,26.60753822,2.151915312,81.67178345,39.77074432,95.9684675483493
"IHLTF02",1328.255,46.09204102,23.4375,1.767984152,90.59732819,38.16334152,97.0023106175684
"IHLTF02",1330.815,37.40120316,25.64102554,1.311335802,95.3714447,39.43234634,97.4148701122971
"IHLTF02",1333.155,33.16277695,29.12621307,1.023600698,101.3909912,40.17259598,97.8351805116723
"IHLTF02",1335.215,25.45432091,20.33898354,1.125112534,103.8818436,41.10319901,97.9827876473927
"IHLTF02",1338.165,30.61999893,21.352314,1.289210796,101.5985641,43.36626053,97.8480134973198
"IHLTF02",1340.975,36.63337708,23.80952454,1.383215904,104.2969894,43.11245728,98.0060887673642
"IHLTF02",1343.495,34.58416748,23.07692337,1.347296357,103.0515518,43.32395935,97.9350990936602
"IHLTF02",1346.095,37.91440964,24.89626503,1.369095683,95.3714447,43.23935699,97.4148701122971
"IHLTF02",1348.505,38.50541687,25.36997795,1.364474654,84.99291992,42.77405548,96.4006672057516
"IHLTF02",1350.87,36.80167389,23.4375,1.411627054,78.55822754,42.68945313,95.4999791939257
"IHLTF02",1353.43,36.75390244,25.2631588,1.307914972,73.36896515,42.87980652,94.5499118597864
"IHLTF02",1355.805,36.38322067,25.5863533,1.278369546,68.17970276,42.81635666,93.3249350307884
"IHLTF02",1358.15,34.20978165,25.2631588,1.217380524,64.2358551,43.02785873,92.1499759667288
"IHLTF02",1360.525,37.49393845,24.74226761,1.362339258,61.53743744,43.53545761,91.1918828843957
"IHLTF02",1362.95,36.50953674,23.57563782,1.392215848,58.42387009,43.59891129,89.8957018574042
"IHLTF02",1365.495,41.93748093,24.39024353,1.54578793,56.1405983,43.32395935,88.7911259159499
"IHLTF02",1367.955,44.52201462,21.97802162,1.821167707,54.27246094,43.23935699,87.77432045939
"IHLTF02",1370.685,46.5163002,22.59886932,1.850470543,52.81946564,42.96440887,86.9042359992794
"IHLTF02",1373.34,48.08647919,24.24242401,1.783243418,51.15890503,42.85865402,85.8154858225719
"IHLTF02",1375.815,53.49807358,22.98850632,2.092141867,49.91347885,42.98555756,84.9264910810127
"IHLTF02",1378.425,58.79814529,23.12138748,2.286195993,48.46048355,43.51430511,83.8033776524676
"IHLTF02",1381.02,58.96637344,21.31438637,2.487111807,48.04534149,43.19705582,83.4643580079357
"IHLTF02",1383.835,64.71835327,22.51407051,2.584265709,62.57528687,42.24530792,91.5769846273363
"IHLTF02",1386.5,59.10585785,22.30483246,2.382293463,81.67178345,40.32064819,95.9684675483493
"IHLTF02",1389.19,51.3125,18.23708153,2.529481649,92.67302704,39.26314545,97.1915633890864
"IHLTF02",1392.48,45.91866302,18.34862328,2.249828815,102.2212753,39.8130455,97.8859165194917
"IHLTF02",1395.75,40.0193367,17.56954575,2.047731876,108.0332565,41.06090164,98.2006658343374
"IHLTF02",1399.165,42.07350159,17.24137878,2.1938169,113.2225189,40.68019867,98.4314474208687
"IHLTF02",1402.645,29.23205376,20.83333397,1.261433244,104.5045547,42.13955688,98.0176060810898
"IHLTF02",1405.525,28.82154655,18.89763832,1.371113658,94.33359528,43.95846176,97.3318385630022
"IHLTF02",1408.7,29.76994896,20.97902107,1.275723577,83.95506287,44.00075912,96.2723808823345
"IHLTF02",1411.56,34.02882385,22.09944725,1.384296894,77.52037048,45.03711319,95.3282183893279
"IHLTF02",1414.275,33.13972473,20.27026939,1.469782472,72.12352753,44.06420898,94.2841918444924
"IHLTF02",1417.235,30.90467453,15.50387573,1.792039633,69.84025574,44.06420898,93.7522219743721
"IHLTF02",1421.105,47.32123947,22.77039909,1.868310928,62.57528687,42.83750534,91.5769846273363
"IHLTF02",1423.74,47.23793793,22.01834869,1.928723216,62.36771393,42.43565369,91.5016890767907
"IHLTF02",1426.465,45.19132233,22.51407051,1.804532766,56.97088242,41.4627533,89.2093779602307
"IHLTF02",1429.13,45.53995895,22.55639076,1.815042257,53.44217682,41.37815094,87.2861136359226
"IHLTF02",1431.79,43.07317734,21.352314,1.813533783,50.74375916,42.24530792,85.5263532451623
"IHLTF02",1434.6,49.44047165,22.59886932,1.966797233,49.08319092,43.28165436,84.2965372918208
"IHLTF02",1437.255,55.67237473,24.0480957,2.0812428,47.21505737,44.36031342,82.7607768559742
"IHLTF02",1439.75,64.81513977,25.69593239,2.267648935,47.00748825,44.55066299,82.5794031259574
"IHLTF02",1442.085,76.50009918,18.80877686,3.656496286,62.99042511,42.07610321,91.7250619402538
"IHLTF02",1445.275,66.60264587,25.5863533,2.340166807,75.65223694,39.89764786,94.9970637607334
"IHLTF02",1447.62,51.69412613,25.21008492,1.843446732,91.01246643,37.99414063,97.041467309709
"IHLTF02",1450,43.34249878,27.97202873,1.393008232,97.23958588,38.45944214,97.5559786536744
"IHLTF02",1452.145,39.63956833,23.85685921,1.493754983,104.5045547,39.09394455,98.0176060810898
"IHLTF02",1454.66,47.48786163,22.68431091,1.882004857,108.6559753,40.27834702,98.2306291495505
"IHLTF02",1457.305,28.57208824,23.76237679,1.080975413,111.1468124,41.56850052,98.3441093943382
"IHLTF02",1459.83,27.00867844,24.29149818,0.999568939,110.108963,42.56255722,98.2980278617585
"IHLTF02",1462.3,28.77654457,23.71541595,1.090866566,103.8818436,42.9221077,97.9827876473927
"IHLTF02",1464.83,28.36410332,22.72727203,1.121980906,96.20172119,44.00075912,97.4788698397474
"IHLTF02",1467.47,34.54688263,22.38805962,1.387254477,89.35189819,44.31800842,96.8806947658809
"IHLTF02",1470.15,33.51050568,23.2108326,1.297938108,82.7096405,44.19111252,96.1104599757181
"IHLTF02",1472.735,34.33470154,23.30097008,1.324716687,75.65223694,43.76810837,94.9970637607334
"IHLTF02",1475.31,31.79268265,21.77858353,1.312384963,70.67053986,43.02785873,93.9527420652939
"IHLTF02",1478.065,31.50814056,21.73913002,1.302999735,65.27370453,42.96440887,92.4831325678416
"IHLTF02",1480.825,38.9615593,20.2360878,1.73090601,59.87686539,42.94326019,90.5284019698077
"IHLTF02",1483.79,43.56443405,21.81818199,1.795052767,56.1405983,43.51430511,88.7911259159499
"IHLTF02",1486.54,37.17393494,18.89763832,1.76845789,54.687603,43.13360977,88.0097895363792
"IHLTF02",1489.715,30.53756905,15.32567024,1.791342854,51.36647034,43.15475845,85.9574276093448
"IHLTF02",1493.63,53.93503952,22.30483246,2.173880816,48.46048355,44.00075912,83.8033776524676
"IHLTF02",1496.32,55.88278961,21.77858353,2.30681181,48.66805267,43.09130478,83.9697867465245
"IHLTF02",1499.075,65.3030014,23.80952454,2.465733528,49.29076385,42.79520798,84.4569331227364
"IHLTF02",1501.595,75.92210388,19.448946,3.509423971,47.83776855,42.07610321,83.2916943282545
"IHLTF02",1504.68,72.09777069,19.70443344,3.289437294,67.55698395,40.21490097,93.1550923214823
"IHLTF02",1507.725,62.89775085,20.16806793,2.803719282,88.31404877,39.05164337,96.7743765593579
"IHLTF02",1510.7,46.23709869,22.64151001,1.835899353,100.975853,39.53809357,97.8092115023473
"IHLTF02",1513.35,39.39369202,23.66863823,1.496294618,106.3726959,41.25124741,98.1174258982369
"IHLTF02",1515.885,39.52635574,23.2558136,1.5279845,111.1468124,42.24530792,98.3441093943382
"IHLTF02",1518.465,46.18376923,21.62162209,1.920281172,111.7695236,43.28165436,98.3709703876897
"IHLTF02",1521.24,41.83444214,21.97802162,1.711232901,114.4679413,42.9221077,98.4809468636363
"IHLTF02",1523.97,33.96422195,25.69593239,1.188286066,106.165123,42.9221077,98.1066665388133
"IHLTF02",1526.305,29.09727478,19.8675499,1.316654086,91.63517761,42.85865402,97.0989567868673
"IHLTF02",1529.325,27.84044075,21.20141411,1.180524468,82.7096405,43.74695969,96.1104599757181
"IHLTF02",1532.155,37.05332947,23.34630394,1.426831961,73.99167633,44.23340988,94.6768098532765
"IHLTF02",1534.725,37.8428421,24.29149818,1.400532365,71.70839691,44.10651016,94.1919283310781
"IHLTF02",1537.195,36.49100113,21.12676048,1.552803755,68.17970276,43.74695969,93.3249350307884
"IHLTF02",1540.035,41.69746399,19.70443344,1.902433038,63.61314392,42.47795105,91.9410653677021
"IHLTF02",1543.08,39.77005768,22.42990685,1.594015241,58.00873184,42.07610321,89.7053008072993
"IHLTF02",1545.755,45.54601288,21.69981956,1.886939287,56.76330948,42.26645279,89.1066544440166
"IHLTF02",1548.52,50.83076477,22.8571434,1.999256015,53.85731888,42.5837059,87.5331462786105
"IHLTF02",1551.145,53.4410553,23.2558136,2.065890074,52.40432739,42.96440887,86.6418625444695
"IHLTF02",1553.725,57.50628662,21.54398537,2.39967823,50.53618622,42.7529068,85.3791215418954
"IHLTF02",1556.51,64.76404572,23.4375,2.484199286,49.49833679,43.13360977,84.6153745095143
"IHLTF02",1559.07,68.74542236,24.64065742,2.508159637,48.04534149,43.23935699,83.4643580079357
"IHLTF02",1561.505,70.6764679,23.4375,2.710985899,47.83776855,43.53545761,83.2916943282545
"IHLTF02",1564.065,73.6628952,24.64065742,2.687572479,64.85856628,42.22415543,92.3520666726289
"IHLTF02",1566.5,71.50444031,24.0480957,2.67310524,81.87935638,40.25719833,95.9973990558518
"IHLTF02",1568.995,66.03501129,23.48336601,2.528003216,95.99415588,39.11509323,97.4630669024009
"IHLTF02",1571.55,52.5978775,22.90076256,2.064819098,104.2969894,38.75554276,98.0060887673642
"IHLTF02",1574.17,44.97329712,23.95209503,1.688009739,110.3165359,39.834198,98.3073783910102
"IHLTF02",1576.675,31.34603119,24.39024353,1.155394077,113.4300995,41.2935524,98.4398441156158
"IHLTF02",1579.135,32.88578796,24.94802475,1.185047626,114.052803,42.28760147,98.4646793153241
"IHLTF02",1581.54,35.09132385,25.75107384,1.225090384,115.505806,43.13360977,98.5206325463689
"IHLTF02",1583.87,20.27188683,20.83333397,0.874780476,110.5241013,43.23935699,98.3166609407695
"IHLTF02",1586.75,25.96566963,19.35483932,1.206073165,103.8818436,44.02191162,97.9827876473927
"IHLTF02",1589.85,27.8107338,20.20202065,1.237602949,91.22003937,43.93731308,97.0607950892437
"IHLTF02",1592.82,20.16193771,14.16765022,1.279375792,85.40805817,44.10651016,96.4503687106034
"IHLTF02",1597.055,33.67676926,19.67213058,1.539014578,77.52037048,43.91616058,95.3282183893279
"IHLTF02",1600.105,38.02887726,23.2558136,1.470095992,70.25539398,42.52025604,93.8535298485843
"IHLTF02",1602.685,49.84238815,23.16602325,1.934243202,68.17970276,42.30875397,93.3249350307884
"IHLTF02",1605.275,56.4494133,23.90438271,2.122978687,64.2358551,40.89170074,92.1499759667288
"IHLTF02",1607.785,62.95296478,28.30188751,1.9996984,62.78285599,40.29949951,91.6514381546117
"IHLTF02",1609.905,58.60301971,24.94802475,2.111774445,59.0465889,40.72249985,90.1731417051096
"IHLTF02",1612.31,62.72887421,15.15151501,3.721989393,55.51787949,41.94920349,88.4642022781711
"IHLTF02",1616.27,51.9292984,19.54397392,2.388709307,51.15890503,45.41781235,85.8154858225719
"IHLTF02",1619.34,58.26247787,21.50537682,2.435597897,48.66805267,47.1098175,83.9697867465245
"IHLTF02",1622.13,67.15639496,22.64151001,2.666525126,47.83776855,47.49052048,83.2916943282545
"IHLTF02",1624.78,72.98943329,24.14486885,2.717683315,63.40557098,44.55066299,91.8698657133571
"IHLTF02",1627.265,65.34525299,20.44293022,2.873654842,81.67178345,40.13029861,95.9684675483493
"IHLTF02",1630.2,57.17716599,23.4375,2.193183899,95.78659058,36.87318802,97.4471337170419
"IHLTF02",1632.76,44.16181183,20.6540451,1.922230482,100.76828,36.87318802,97.7960730333254
"IHLTF02",1635.665,38.29553223,22.98850632,1.497618079,106.7878342,38.29024124,98.1387037288386
"IHLTF02",1638.275,34.14814377,23.12138748,1.327751875,110.5241013,41.78000259,98.3166609407695
"IHLTF02",1640.87,32.70072556,23.95209503,1.227375984,111.5619659,42.45680618,98.3620815795496
"IHLTF02",1643.375,32.09483337,22.81368828,1.26474607,105.7499847,43.59891129,98.0849039717113
"IHLTF02",1646.005,25.82442093,21.97802162,1.056344867,93.50331879,44.14881134,97.2628791149209
"IHLTF02",1648.735,23.55036545,17.99100494,1.176808834,85.82319641,44.31800842,96.4991789122102
"IHLTF02",1652.07,28.17952156,21.93784332,1.154790998,76.06737518,44.19111252,95.0732135072997
"IHLTF02",1654.805,35.78982162,21.73913002,1.480065942,72.74624634,43.95846176,94.4190873646384
"IHLTF02",1657.565,39.93664551,21.20141411,1.693442583,67.55698395,43.38740921,93.1550923214823
"IHLTF02",1660.395,39.17740631,21.54398537,1.63483274,64.02827454,42.30875397,92.0811065854346
"IHLTF02",1663.18,36.58478165,18.18181801,1.808951139,60.49958038,41.73770523,90.7843340767851
"IHLTF02",1666.48,48.8550148,20.54794502,2.137491941,56.1405983,41.92805481,88.7911259159499
"IHLTF02",1669.4,48.98149872,21.69981956,2.029269218,53.44217682,42.30875397,87.2861136359226
"IHLTF02",1672.165,58.98472977,21.58273315,2.456953049,52.19675064,42.71060181,86.5082714900598
"IHLTF02",1674.945,48.42826462,14.77832508,2.946031809,49.49833679,43.02785873,84.6153745095143
"IHLTF02",1679.005,68.21168518,22.59886932,2.713537216,48.04534149,44.06420898,83.4643580079357
"IHLTF02",1681.66,72.16777802,22.98850632,2.822255373,58.21630096,43.55661011,89.8010554356518
"IHLTF02",1684.27,72.02607727,23.03262901,2.811317921,75.23709869,41.99150467,94.9193861505911
"IHLTF02",1686.875,62.54196548,22.77039909,2.469247341,87.06861877,40.29949951,96.6404538242693
"IHLTF02",1689.51,58.6896553,23.39181328,2.255596399,98.06987,39.70729828,97.6154494675236
"IHLTF02",1692.075,54.46129227,21.31438637,2.297094345,107.4105453,39.834198,98.1700303822471
"IHLTF02",1694.89,48.98471451,23.48336601,1.875270605,112.3922424,40.65904999,98.3972596786343
"IHLTF02",1697.445,34.60675812,25.05219269,1.241877913,115.7133713,41.18780136,98.5284045699802
"IHLTF02",1699.84,28.49116516,21.97802162,1.165427685,116.9587936,41.52620316,98.5739230670522
"IHLTF02",1702.57,29.05998993,21.97802162,1.188695431,117.5814972,41.84345245,98.5959854994837
"IHLTF02",1705.3,26.47498322,21.08963013,1.128574967,112.1846771,43.02785873,98.3885595284954
"IHLTF02",1708.145,26.74827957,21.50537682,1.118182063,103.2591324,43.02785873,97.9471596136593
"IHLTF02",1710.935,26.55600166,22.55639076,1.058416963,92.4654541,43.74695969,97.1733549660346
"IHLTF02",1713.595,26.27261734,21.62162209,1.092392683,89.14432526,44.08535767,96.8598014663562
"IHLTF02",1716.37,25.83625793,21.05263138,1.103283048,82.91720581,43.97961044,96.138073316837
"IHLTF02",1719.22,25.21879005,22.01834869,1.029682159,77.31279755,43.55661011,95.2928518225641
"IHLTF02",1721.945,27.58117676,20.86956596,1.188127637,72.74624634,43.59891129,94.4190873646384
"IHLTF02",1724.82,29.1336937,21.27659607,1.230997324,68.59483337,43.34510803,93.4351749905717
"IHLTF02",1727.64,32.01850128,22.14022064,1.30011797,64.2358551,43.00670624,92.1499759667288
"IHLTF02",1730.35,45.55891418,18.15431213,2.256094456,61.74499893,42.62600327,91.2706486915279
"IHLTF02",1733.655,46.08099365,22.51407051,1.840057969,58.00873184,41.44160461,89.7053008072993
"IHLTF02",1736.32,50.24649429,22.26345062,2.02897644,56.76330948,41.01860428,89.1066544440166
"IHLTF02",1739.015,51.9870491,21.27659607,2.196629047,53.2346077,41.14550018,87.1603525479776
"IHLTF02",1741.835,53.62629318,21.62162209,2.229734898,53.64974594,42.81635666,87.4103708676203
"IHLTF02",1744.61,66.99407959,15.52393246,3.87970233,68.38726044,42.30875397,93.3803464144646
"IHLTF02",1748.475,53.60267639,16.92524719,2.847181559,91.01246643,40.27834702,97.041467309709
"IHLTF02",1752.02,49.40061188,17.36613655,2.557365656,95.57901764,40.25719833,97.4310683704881
"IHLTF02",1755.475,21.76877213,13.46801376,1.453095198,109.0710983,40.29949951,98.2502389701545
"IHLTF02",1759.93,30.43414307,16.4383564,1.66443336,109.9013901,42.28760147,98.2886090778537
"IHLTF02",1763.58,26.09423065,17.36613655,1.35084343,106.5802689,43.13360977,98.128104847415
"IHLTF02",1767.035,19.9151535,21.08963013,0.848942757,94.74873352,44.48720932,97.3654648969937
"IHLTF02",1769.88,24.42499924,19.41747665,1.13085115,88.31404877,44.42375946,96.7743765593579
"IHLTF02",1772.97,32.91337967,23.90438271,1.237823248,79.8036499,44.65641022,95.6954424014628
"IHLTF02",1775.48,35.79216003,21.50537682,1.496251225,76.27495575,44.33916092,95.1107287707558
"IHLTF02",1778.27,36.34932327,23.39181328,1.39699924,70.67053986,42.79520798,93.9527420652939
"IHLTF02",1780.835,36.60397339,22.55639076,1.458889246,65.89642334,41.50505447,92.6744295057262
"IHLTF02",1783.495,40.76852036,22.05882263,1.661522865,61.95257568,41.35700226,91.348534512958
"IHLTF02",1786.215,47.46158981,21.4285717,1.991190434,57.38602448,41.54735184,89.4112387822225
"IHLTF02",1789.015,49.58193588,20.97902107,2.124721289,54.89517212,41.92805481,88.1254304582166
"IHLTF02",1791.875,52.25400162,20.10050201,2.337095022,51.57404327,42.9221077,86.0976587076669
"IHLTF02",1794.86,54.50791931,18.89763832,2.593079329,50.3286171,43.17591095,85.2300844829766
"IHLTF02",1798.035,64.25037384,21.89780998,2.637780905,47.83776855,44.19111252,83.2916943282545
"IHLTF02",1800.775,73.94536591,22.77039909,2.91947031,47.42263031,43.85270691,82.939934294786
"IHLTF02",1803.41,80.24744415,19.41747665,3.715370417,54.27246094,44.0430603,87.77432045939
"IHLTF02",1806.5,72.21062469,21.58273315,3.007865191,76.8976593,41.1243515,95.2210736750205
"IHLTF02",1809.28,62.94127274,20.83333397,2.716066837,91.63517761,39.41119766,97.0989567868673
"IHLTF02",1812.16,61.08096695,21.81818199,2.516813517,99.93800354,39.03049469,97.7424719243669
"IHLTF02",1814.91,75.3444519,25.75107384,2.630387068,109.2786713,40.06684875,98.2599370020847
"IHLTF02",1817.24,59.92363358,30.92783546,1.741856337,114.6755142,39.91879654,98.4889954743939
"IHLTF02",1819.18,52.68082809,28.84615326,1.641830802,117.5814972,40.48984909,98.5959854994837
"IHLTF02",1821.26,49.67020798,25.64102554,1.741503239,117.9966431,41.14550018,98.6104441078102
"IHLTF02",1823.6,38.80466461,26.1437912,1.3343786,113.4300995,42.26645279,98.4398441156158
"IHLTF02",1825.895,48.98018646,29.41176414,1.497142315,103.0515518,44.27570724,97.9350990936602
"IHLTF02",1827.935,41.44289017,28.84615326,1.291593432,91.42760468,45.07941055,97.0799572064366
"IHLTF02",1830.015,26.69169617,21.05263138,1.139812708,84.99291992,46.28496552,96.4006672057516
"IHLTF02",1832.865,33.1389122,21.54398537,1.382852674,76.8976593,46.45416641,95.2210736750205
"IHLTF02",1835.65,49.2664032,20,2.21454525,68.38726044,45.62931824,93.3803464144646
"IHLTF02",1838.65,48.27852631,22.8571434,1.898872375,63.40557098,44.55066299,91.8698657133571
"IHLTF02",1841.275,51.96061707,24.74226761,1.887984872,61.74499893,43.95846176,91.2706486915279
"IHLTF02",1843.7,35.80157089,15.97869492,2.014301538,56.97088242,41.99150467,89.2093779602307
"IHLTF02",1847.455,62.73643494,25.05219269,2.251322985,52.61189651,42.62600327,86.7738420436053
"IHLTF02",1849.85,70.17191315,24.09638596,2.618033171,50.53618622,42.37220764,85.3791215418954
"IHLTF02",1852.34,81.31848907,19.96672249,3.661391735,49.08319092,42.414505,84.2965372918208
"IHLTF02",1855.345,80.08346558,25.15723228,2.861829281,47.21505737,42.45680618,82.7607768559742
"IHLTF02",1857.73,80.63199615,25.2631588,2.869349718,47.00748825,42.96440887,82.5794031259574
"IHLTF02",1860.105,78.71105957,27.27272797,2.594602823,45.34692383,44.08535767,81.0450942298234
"IHLTF02",1862.305,76.53613281,25.91792679,2.654788733,45.13935471,45.88311386,80.8424582118856
"IHLTF02",1864.62,73.50309753,23.16602325,2.85244894,62.99042511,43.66235733,91.7250619402538
"IHLTF02",1867.21,72.44510651,21.352314,3.050196648,79.59607697,41.1243515,95.6636406939787
"IHLTF02",1870.02,67.98693085,23.07692337,2.64856863,93.50331879,38.64979553,97.2628791149209
"IHLTF02",1872.62,68.29225159,23.66863823,2.593951702,103.6742706,37.57114029,97.9710025773466
"IHLTF02",1875.155,61.70256805,24.94802475,2.223467588,110.5241013,37.78264236,98.3166609407695
"IHLTF02",1877.56,59.09631729,26.25820541,2.023294449,115.9209442,38.56519318,98.5361230329865
"IHLTF02",1879.845,53.04574203,23.57563782,2.022789955,120.4874954,39.77074432,98.6931890436504
"IHLTF02",1882.39,52.09360504,23.57563782,1.986482143,123.8086243,40.46870041,98.7936783379681
"IHLTF02",1884.935,56.80868912,25.42372894,2.008811712,109.4862518,43.26050568,98.2695646226824
"IHLTF02",1887.295,61.11839676,25.15723228,2.184101343,93.71088409,44.86791229,97.280335662794
"IHLTF02",1889.68,57.75670624,23.90438271,2.172143936,83.53991699,45.90426636,96.2193989148086
"IHLTF02",1892.19,55.47571945,24.69135857,2.019861937,76.06737518,45.88311386,95.0732135072997
"IHLTF02",1894.62,60.56112289,22.30483246,2.440948725,68.38726044,45.50241089,93.3803464144646
"IHLTF02",1897.31,58.44929886,22.77039909,2.307662964,60.29201126,43.64120865,90.6999997662122
"IHLTF02",1899.945,55.72377396,24.94802475,2.008020163,56.1405983,42.71060181,88.7911259159499
"IHLTF02",1902.35,57.50284195,24.14486885,2.141056776,53.02703857,41.65310287,87.0330675562838
"IHLTF02",1904.835,60.33934784,25.05219269,2.165302515,49.91347885,40.65904999,84.9264910810127
"IHLTF02",1907.23,64.32331848,25.5863533,2.260079861,48.25291061,40.55329895,83.6349081375418
"IHLTF02",1909.575,67.36647034,25.42372894,2.382145405,47.00748825,40.89170074,82.5794031259574
"IHLTF02",1911.935,66.65943909,26.43171883,2.267252684,46.79991531,41.56850052,82.3957784902948
"IHLTF02",1914.205,69.57928467,26.84563828,2.330075026,45.76206589,42.45680618,81.4429609730703
"IHLTF02",1916.44,66.04231262,25.64102554,2.315531015,44.51663971,43.38740921,80.2193639204532
"IHLTF02",1918.78,71.56045532,25.69593239,2.503643036,44.72420883,44.27570724,80.4296195616851
"IHLTF02",1921.115,71.12641144,23.95209503,2.669630289,44.30907059,44.19111252,80.0065075144332
"IHLTF02",1923.62,72.58720398,18.57585144,3.512974977,43.68635941,43.87385941,79.3520211402862
"IHLTF02",1926.85,79.01777649,25.69593239,2.764547825,64.65099335,41.16665268,92.285443834643
"IHLTF02",1929.185,74.0448761,25.42372894,2.618300676,81.25663757,38.62864304,95.9097839182586
"IHLTF02",1931.545,66.0686264,26.7857151,2.217459917,92.4654541,36.76743698,97.1733549660346
"IHLTF02",1933.785,50.73104095,25.47770691,1.790099382,101.8061371,37.54999161,97.8607466073395
"IHLTF02",1936.14,56.47357559,24.74226761,2.051962852,104.5045547,39.85534668,98.0176060810898
"IHLTF02",1938.565,60.00834274,25.64102554,2.103971958,110.9392471,41.2935524,98.3350261829777
"IHLTF02",1940.905,62.43455124,23.85685921,2.352748156,115.505806,41.6108017,98.5206325463689
"IHLTF02",1943.42,50.95500565,21.31438637,2.149204493,118.8269272,41.37815094,98.6387759821636
"IHLTF02",1946.235,41.94280624,24.59016418,1.533415198,107.2029724,42.62600327,98.1596657795732
"IHLTF02",1948.675,NA,NA,NA,92.67302704,43.89500809,97.1915633890864
"IHLTF02",1950.225,32.56127167,21.77858353,1.344112039,91.84275055,44.55066299,97.1177948218712
"IHLTF02",1952.98,33.6659584,22.8571434,1.324136496,79.59607697,46.53877258,95.6636406939787
"IHLTF02",1955.605,30.00499153,22.14022064,1.218358994,77.10523224,46.62337112,95.2571391650467
"IHLTF02",1958.315,35.99078369,21.01576233,1.539606929,71.08568573,46.58106613,94.0499081898319
"IHLTF02",1961.17,37.85335159,19.8675499,1.712867379,65.27370453,44.78331375,92.4831325678416
"IHLTF02",1964.19,46.22201538,21.01576233,1.977276683,60.70714951,43.00670624,90.8677100563459
"IHLTF02",1967.045,49.53939438,24.64065742,1.807432652,55.72545624,40.9551506,88.5744727518992
"IHLTF02",1969.48,54.64435959,24.43991852,2.010061264,54.27246094,40.40524673,87.77432045939
"IHLTF02",1971.935,60.40848923,21.08963013,2.575091839,51.57404327,40.38409805,86.0976587076669
"IHLTF02",1974.78,65.71846771,23.90438271,2.471574068,49.49833679,40.74364853,84.6153745095143
"IHLTF02",1977.29,69.6134491,22.47191048,2.784946442,48.66805267,42.45680618,83.9697867465245
"IHLTF02",1979.96,77.87857056,24.53987694,2.853049517,47.00748825,41.14550018,82.5794031259574
"IHLTF02",1982.405,71.96096039,26.0303688,2.485308886,46.79991531,39.45349503,82.3957784902948
"IHLTF02",1984.71,68.4197464,26.72605705,2.301496267,64.44342041,38.81899261,92.2180826236268
"IHLTF02",1986.955,60.01061249,25.91792679,2.081572294,82.91720581,38.24794006,96.138073316837
"IHLTF02",1989.27,54.33420181,26.37362671,1.852111578,92.25788879,38.81899261,97.1549922592129
"IHLTF02",1991.545,45.23852158,28.23529434,1.440389037,100.975853,39.58039856,97.8092115023473
"IHLTF02",1993.67,46.15402603,29.33985329,1.414214849,105.3348312,39.74959564,98.0628098625622
"IHLTF02",1995.715,36.05008698,30.22669983,1.072208643,106.5802689,39.6649971,98.128104847415
"IHLTF02",1997.7,31.9217968,23.66863823,1.21248889,108.6559753,40.0033989,98.2306291495505
"IHLTF02",2000.235,40.27086258,23.85685921,1.517544389,109.6938095,40.46870041,98.2791210702108
"IHLTF02",2002.75,38.10139847,21.31438637,1.607059002,110.9392471,40.38409805,98.3350261829777
"IHLTF02",2005.565,43.92423248,18.86792374,2.092877388,108.2408295,40.32064819,98.2107274266479
"IHLTF02",2008.745,21.20654869,13.8408308,1.37743628,90.18217468,40.02454376,96.9624714816887
"IHLTF02",2013.08,41.42301178,22.90076256,1.6261307,80.63392639,42.24530792,95.8196607166813
"IHLTF02",2015.7,41.27207565,25.10460281,1.47797358,73.57653046,42.03380585,94.5926392072283
"IHLTF02",2018.09,40.46712112,25.5863533,1.421862602,73.57653046,41.97035217,94.5926392072283
"IHLTF02",2020.435,33.49801254,26.72605705,1.126802683,67.1418457,42.37220764,93.0387921322184
"IHLTF02",2022.68,23.90743065,22.94455147,0.93673563,63.19800186,42.49910355,91.7978693817684
"IHLTF02",2025.295,29.24085045,22.14022064,1.187330842,59.87686539,42.87980652,90.5284019698077
"IHLTF02",2028.005,52.83509064,15.78947353,3.008281946,55.31031036,42.81635666,88.3526188622879
"IHLTF02",2031.805,54.3674736,22.14022064,2.207602739,53.02703857,42.18185425,87.0330675562838
"IHLTF02",2034.515,52.18047333,24.43991852,1.919428587,51.98918533,41.4627533,86.3730598724172
"IHLTF02",2036.97,54.39255905,24.14486885,2.025248766,49.29076385,41.01860428,84.4569331227364
"IHLTF02",2039.455,67.52584839,24.39024353,2.488958359,48.04534149,41.78000259,83.4643580079357
"IHLTF02",2041.915,74.8145752,26.96629143,2.494185209,47.21505737,43.02785873,82.7607768559742
"IHLTF02",2044.14,77.48614502,18.32061005,NA,47.21505737,44.3814621,82.7607768559742
"IHLTF02",2047.415,81.51596832,27.27272797,2.68706274,67.97212219,44.0430603,93.268923177296
"IHLTF02",2049.615,75.87141418,26.96629143,2.52941823,88.52161407,42.81635666,96.796014358204
"IHLTF02",2051.84,67.6398468,24.69135857,2.462755919,99.93800354,40.89170074,97.7424719243669
"IHLTF02",2054.27,56.34751129,24.74226761,2.047382355,106.7878342,40.61674881,98.1387037288386
"IHLTF02",2056.695,37.59043121,19.16932869,1.762926102,113.2225189,40.32064819,98.4314474208687
"IHLTF02",2059.825,47.5678215,25.31645584,1.689172745,114.6755142,41.84345245,98.4889954743939
"IHLTF02",2062.195,35.74831009,20.2360878,1.588154197,114.6755142,42.71060181,98.4889954743939
"IHLTF02",2065.16,31.36321449,19.10828018,1.475579739,115.9209442,43.26050568,98.5361230329865
"IHLTF02",2068.3,26.36143494,23.76237679,0.997339249,99.73043823,43.76810837,97.7288047078615
"IHLTF02",2070.825,28.05825424,24.69135857,1.021596432,89.97460938,43.91616058,96.942293126709
"IHLTF02",2073.255,31.25214767,27.58620644,1.018477917,83.95506287,44.0430603,96.2723808823345
"IHLTF02",2075.43,28.04124451,21.50537682,1.172232985,79.18093872,43.87385941,95.5991181959553
"IHLTF02",2078.22,31.23275757,23.76237679,1.181637168,73.57653046,43.74695969,94.5926392072283
"IHLTF02",2080.745,32.8016243,22.81368828,1.292598128,67.97212219,43.21820831,93.268923177296
"IHLTF02",2083.375,46.76075363,17.69911575,2.37516427,66.31155396,42.77405548,92.7985235760557
"IHLTF02",2086.765,42.96871185,24.39024353,1.583798409,60.91472244,41.14550018,90.9501417260647
"IHLTF02",2089.225,41.36863708,24.94802475,1.490729213,58.63144684,41.20895004,89.9892580665639
"IHLTF02",2091.63,41.12697983,23.85685921,1.549805641,56.1405983,41.08205032,88.7911259159499
"IHLTF02",2094.145,46.76724243,25.47770691,1.650232434,53.44217682,41.56850052,87.2861136359226
"IHLTF02",2096.5,49.88628387,23.16602325,1.935946465,52.40432739,42.32990646,86.6418625444695
"IHLTF02",2099.09,44.2044487,21.93784332,1.811489105,50.53618622,43.13360977,85.3791215418954
"IHLTF02",2101.825,61.54534912,28.7081337,1.927320719,48.66805267,43.85270691,83.9697867465245
"IHLTF02",2103.915,75.90625763,30.37974739,2.246244907,48.25291061,44.06420898,83.6349081375418
"IHLTF02",2105.89,71.5281601,27.97202873,2.298882723,61.95257568,42.96440887,91.348534512958
"IHLTF02",2108.035,70.27268219,26.54867172,2.379619122,71.50082397,41.69540405,94.1450765328386
"IHLTF02",2110.295,63.91957474,26.0303688,2.207584143,83.95506287,40.53214645,96.2723808823345
"IHLTF02",2112.6,51.17014313,25.69593239,1.790259361,95.57901764,40.27834702,97.4310683704881
"IHLTF02",2114.935,46.61957932,24.1935482,1.732337356,102.6364288,40.70135117,97.9106991392917
"IHLTF02",2117.415,65.18157959,24.0480957,2.436732769,107.8256836,41.18780136,98.1905295278923
"IHLTF02",2119.91,59.30659485,27.84222794,1.914973259,112.8073883,41.50505447,98.4144754879296
"IHLTF02",2122.065,47.66448212,29.19708061,1.467638731,114.6755142,41.01860428,98.4889954743939
"IHLTF02",2124.12,31.09106636,23.57563782,1.185593724,116.5436554,40.74364853,98.5589596535375
"IHLTF02",2126.665,38.42880249,21.66065025,1.594957352,108.4483948,41.67425537,98.2207146088354
"IHLTF02",2129.435,24.39190292,19.90049744,1.101908326,92.05031586,43.38740921,97.1364723032255
"IHLTF02",2132.45,20.67626762,17.8571434,1.040935636,86.86104584,44.63526154,96.6174313149195
"IHLTF02",2135.81,29.82721519,19.96672249,1.342980266,75.85980988,44.88906097,95.0353280462797
"IHLTF02",2138.815,32.54392624,24.39024353,1.199547648,70.87811279,44.86791229,94.0015777275378
"IHLTF02",2141.275,35.96387482,24.79338837,1.304050088,69.21754456,44.42375946,93.5962103110246
"IHLTF02",2143.695,34.7224884,22.51407051,1.386502147,64.85856628,43.32395935,92.3520666726289
"IHLTF02",2146.36,35.96380997,21.93784332,1.473789573,61.3298645,42.45680618,91.1122153004106
"IHLTF02",2149.095,40.00510788,22.22222137,1.618421674,57.80115891,42.03380585,89.6084213938667
"IHLTF02",2151.795,44.33230972,24.84472084,1.604168296,54.27246094,41.69540405,87.77432045939
"IHLTF02",2154.21,41.36220551,24.09638596,1.543176174,52.19675064,42.18185425,86.5082714900598
"IHLTF02",2156.7,44.91383362,23.39181328,1.726155639,50.53618622,42.18185425,85.3791215418954
"IHLTF02",2159.265,53.77975845,24.79338837,1.950054169,48.87562561,42.30875397,84.1341676756005
"IHLTF02",2161.685,60.25610352,25.15723228,2.153286934,48.04534149,42.6048584,83.4643580079357
"IHLTF02",2164.07,67.31295013,24.53987694,2.465982437,47.21505737,42.94326019,82.7607768559742
"IHLTF02",2166.515,81.62062073,19.67213058,3.730029106,63.40557098,41.80115509,91.8698657133571
"IHLTF02",2169.565,79.25598907,22.77039909,3.129141092,83.53991699,40.74364853,96.2193989148086
"IHLTF02",2172.2,69.13089752,21.39037514,2.905477524,95.57901764,39.70729828,97.4310683704881
"IHLTF02",2175.005,60.99507523,20.90592384,2.622944593,104.7121201,40.0033989,98.0290359593015
"IHLTF02",2177.875,31.00698662,14.63414669,1.904828548,113.8452301,40.89170074,98.456459089674
"IHLTF02",2181.975,39.89883804,24.48979568,1.464666724,114.4679413,42.66830826,98.4809468636363
"IHLTF02",2184.425,40.11891556,24.53987694,1.469740033,113.6376572,43.09130478,98.448180655574
"IHLTF02",2186.87,48.02043152,23.76237679,1.816769838,105.7499847,44.16996384,98.0849039717113
"IHLTF02",2189.395,47.52170944,25.42372894,1.680414796,91.84275055,44.16996384,97.1177948218712
"IHLTF02",2191.755,48.7616539,24.89626503,1.760791421,82.91720581,43.62005615,96.138073316837
"IHLTF02",2194.165,76.85445404,20.6540451,3.345242739,75.23709869,43.53545761,94.9193861505911
"IHLTF02",2197.07,66.73608398,20.30456924,2.954817533,64.2358551,42.11840439,92.1499759667288
"IHLTF02",2200.025,58.16872787,20.27026939,2.579845905,63.61314392,42.18185425,91.9410653677021
"IHLTF02",2202.985,48.81662369,23.57563782,1.861521244,56.1405983,42.96440887,88.7911259159499
"IHLTF02",2205.53,53.99476242,21.23893738,2.285506964,52.19675064,43.62005615,86.5082714900598
"IHLTF02",2208.355,40.58608246,14.2687273,2.557146311,48.66805267,44.33916092,83.9697867465245
"IHLTF02",2212.56,65.36904907,21.4285717,2.742475033,46.17720413,44.14881134,81.8311430291478
"IHLTF02",2215.36,67.48856354,23.07692337,2.629153728,46.59235001,43.59891129,82.2098849643846
"IHLTF02",2217.96,79.09668732,24,2.962857723,45.34692383,43.28165436,81.0450942298234
"IHLTF02",2220.46,80.61194611,24.1935482,2.995460272,44.93178177,42.20300293,80.6373088228112
"IHLTF02",2222.94,83.02877808,24.09638596,3.097707748,44.30907059,42.6048584,80.0065075144332
"IHLTF02",2225.43,84.88137054,25.2631588,3.02056694,46.17720413,42.9221077,81.8311430291478
"IHLTF02",2227.805,82.46016693,23.2108326,3.193869829,69.84025574,42.05495071,93.7522219743721
"IHLTF02",2230.39,76.87576294,22.81368828,3.029407263,87.48376465,41.56850052,96.6858885282597
"IHLTF02",2233.02,61.59934616,19.57585716,2.828909397,99.93800354,40.44755173,97.7424719243669
"IHLTF02",2236.085,47.03649139,20.16806793,2.096690655,109.2786713,40.10914612,98.2599370020847
"IHLTF02",2239.06,47.07946014,21.69981956,1.950469017,114.052803,40.44755173,98.4646793153241
"IHLTF02",2241.825,36.60972595,23.62204742,1.393293619,117.1663666,40.78594971,98.5813279675909
"IHLTF02",2244.365,41.14855576,23.66863823,1.562949777,119.0345001,40.91284943,98.6457394972862
"IHLTF02",2246.9,33.62409973,27.02702713,1.118448734,106.165123,42.32990646,98.1066665388133
"IHLTF02",2249.12,37.64691544,21.54398537,1.570967078,97.65472412,42.52025604,97.58595428512
"IHLTF02",2251.905,35.0378418,24.34077072,1.294096708,85.6156311,43.30280685,96.4748844499524
"IHLTF02",2254.37,38.22700882,25.53191566,1.346017241,81.67178345,43.78926086,95.9684675483493
"IHLTF02",2256.72,36.29707336,24.84472084,1.313412666,74.40680695,43.36626053,94.7592954728713
"IHLTF02",2259.135,41.80696869,23.90438271,1.572297931,69.21754456,43.38740921,93.5962103110246
"IHLTF02",2261.645,33.56998062,21.77858353,1.385751009,65.48127747,42.87980652,92.5475965538866
"IHLTF02",2264.4,33.53561401,22.01834869,1.369257808,61.74499893,42.9221077,91.2706486915279
"IHLTF02",2267.125,41.8394928,22.42990685,1.676959872,58.21630096,42.54140472,89.8010554356518
"IHLTF02",2269.8,49.26533508,22.09944725,2.004120111,54.687603,42.77405548,88.0097895363792
"IHLTF02",2272.515,49.13594437,23.16602325,1.906828046,53.85731888,42.81635666,87.5331462786105
"IHLTF02",2275.105,57.91631699,25.64102554,2.030622721,51.36647034,42.66830826,85.9574276093448
"IHLTF02",2277.445,59.21335983,26.20087242,2.031737804,49.91347885,42.18185425,84.9264910810127
"IHLTF02",2279.735,59.48777771,24.29149818,2.201593637,49.91347885,42.56255722,84.9264910810127
"IHLTF02",2282.205,59.32625961,25.21008492,2.115613699,48.04534149,43.26050568,83.4643580079357
"IHLTF02",2284.585,59.42156601,26.31579018,2.029978275,48.04534149,43.59891129,83.4643580079357
"IHLTF02",2286.865,74.56093597,27.02702713,2.480143309,62.57528687,43.55661011,91.5769846273363
"IHLTF02",2289.085,74.19781494,25.05219269,2.662619352,78.76579285,42.37220764,95.5333435540304
"IHLTF02",2291.48,67.2437973,22.51407051,2.685109138,87.27619934,41.65310287,96.6632729968973
"IHLTF02",2294.145,54.79788589,21.89780998,2.249711514,98.48500061,40.65904999,97.6444720252831
"IHLTF02",2296.885,44.5902977,22.55639076,1.777192473,107.8256836,40.29949951,98.1905295278923
"IHLTF02",2299.545,30.52518654,20.33898354,1.349251151,111.7695236,40.42639923,98.3709703876897
"IHLTF02",2302.495,25.55115318,20.47781563,1.121735811,112.3922424,41.48390198,98.3972596786343
"IHLTF02",2305.425,22.68233681,24.43991852,0.834356666,113.2225189,41.92805481,98.4314474208687
"IHLTF02",2307.88,25.2836895,22.38805962,1.015284419,107.8256836,42.96440887,98.1905295278923
"IHLTF02",2310.56,32.90836334,21.66065025,1.365835905,99.5228653,43.51430511,97.7150280147561
"IHLTF02",2313.33,37.13702393,22.90076256,1.457876921,91.01246643,43.49315643,97.041467309709
"IHLTF02",2315.95,41.29264069,20,1.856121421,87.06861877,43.0490036,96.6404538242693
"IHLTF02",2318.95,47.18432236,24.29149818,1.746252894,76.27495575,41.1243515,95.1107287707558
"IHLTF02",2321.42,54.62223053,26.37362671,1.861929655,71.70839691,41.2935524,94.1919283310781
"IHLTF02",2323.695,47.3510704,24.29149818,1.752424121,67.97212219,40.9551506,93.268923177296
"IHLTF02",2326.165,38.62921143,25.75107384,1.348603249,64.65099335,41.54735184,92.285443834643
"IHLTF02",2328.495,36.38250351,25.31645584,1.291972756,59.66930008,42.98555756,90.4411173112774
"IHLTF02",2330.865,31.40867043,22.98850632,1.228294492,55.93302536,44.02191162,88.6834395644863
"IHLTF02",2333.475,43.86417389,24.29149818,1.623376966,53.44217682,45.07941055,87.2861136359226
"IHLTF02",2335.945,48.47127533,24.29149818,1.793881893,51.15890503,45.26976395,85.8154858225719
"IHLTF02",2338.415,66.64048004,16.32653046,3.669508457,50.3286171,44.57181168,85.2300844829766
"IHLTF02",2342.09,62.62631989,23.80952454,2.364666462,49.49833679,42.85865402,84.6153745095143
"IHLTF02",2344.61,61.30593109,24.84472084,2.218360424,56.1405983,41.99150467,88.7911259159499
"IHLTF02",2347.025,68.60037231,23.76237679,2.595376015,72.33110809,40.42639923,94.3296202804765
"IHLTF02",2349.55,65.42459106,25.86206818,2.274267197,87.27619934,39.834198,96.6632729968973
"IHLTF02",2351.87,53.78565598,24.43991852,1.978474379,96.40930939,39.98225021,97.4945455529663
"IHLTF02",2354.325,54.30947876,25.42372894,1.920437098,104.0894165,41.20895004,97.9944827609135
"IHLTF02",2356.685,52.03005981,26.84563828,1.742385626,110.3165359,41.69540405,98.3073783910102
"IHLTF02",2358.92,46.87559891,27.58620644,1.527631283,111.1468124,41.52620316,98.3441093943382
"IHLTF02",2361.095,43.95458984,28.10304451,1.40609467,116.7512283,41.92805481,98.5664672914287
"IHLTF02",2363.23,39.32323456,25.05219269,1.411130548,116.7512283,41.6108017,98.5664672914287
"IHLTF02",2365.625,29.94490051,24.84472084,1.083558798,117.7890701,41.69540405,98.6032395246185
"IHLTF02",2368.04,27.77082253,22.34636879,1.117237449,114.4679413,42.01265335,98.4809468636363
"IHLTF02",2370.725,41.10249329,28.03738403,1.317936301,99.93800354,43.47201157,97.7424719243669
"IHLTF02",2372.865,NA,28.4360199,NA,82.7096405,41.06090164,96.1104599757181
"IHLTF02",2374.975,39.98157883,19.8675499,1.809169769,87.89891052,45.10056305,96.7305240157497
"IHLTF02",2377.995,47.25994492,26.20087242,1.621590376,79.18093872,44.02191162,95.5991181959553
"IHLTF02",2380.285,50.00230026,25.31645584,1.775623083,76.06737518,43.87385941,95.0732135072997
"IHLTF02",2382.655,51.55650711,25.05219269,1.850126624,71.29325104,43.85270691,94.0977379118178
"IHLTF02",2385.05,48.34726334,24.1935482,1.796536446,66.31155396,43.85270691,92.7985235760557
"IHLTF02",2387.53,52.93229675,22.72727203,2.093809366,61.12229156,43.30280685,91.0316384153742
"IHLTF02",2390.17,73.89108276,18.80877686,3.531792402,55.93302536,43.74695969,88.6834395644863
"IHLTF02",2393.36,69.64896393,23.12138748,2.70809865,52.61189651,42.98555756,86.7738420436053
"IHLTF02",2395.955,68.73766327,22.26345062,2.775658369,50.53618622,43.0701561,85.3791215418954
"IHLTF02",2398.65,53.5773468,22.47191048,2.143408298,48.66805267,42.66830826,83.9697867465245
"IHLTF02",2401.32,60.87873459,25,2.189219475,46.59235001,44.16996384,82.2098849643846
"IHLTF02",2403.72,71.11407471,24.29149818,2.631873369,46.17720413,44.40261459,81.8311430291478
"IHLTF02",2406.19,77.69732666,24.0480957,2.904618502,45.34692383,44.48720932,81.0450942298234
"IHLTF02",2408.685,70.07356262,22.64151001,2.78235507,63.82070923,42.64715576,92.0114747317334
"IHLTF02",2411.335,60.6186676,21.69981956,2.511388779,82.29449463,40.78594971,96.0544557959519
"IHLTF02",2414.1,53.84663391,22.8571434,2.117875099,95.16387939,39.51694489,97.3985381949173
"IHLTF02",2416.725,49.09742355,21.50537682,2.052463055,102.2212753,NA,97.8859165194917
"IHLTF02",2419.515,42.50586319,23.39181328,1.633610964,107.2029724,NA,98.1596657795732
"IHLTF02",2422.08,32.65786362,25.15723228,1.167047739,108.8635483,NA,98.2404706241382
"IHLTF02",2424.465,34.43827057,25.86206818,1.197131395,111.5619659,NA,98.3620815795496
"IHLTF02",2426.785,32.34667969,23.16602325,1.255283833,NA,NA,NA
